부서명,팀명,직위,이름,전화번호,담당업무
감사담당관,청렴감사팀,감사담당관,○ 감사담당관 업무 총괄,02-3153-8160
감사담당관,청렴감사팀,청렴감사팀장,"○ 청렴감사팀 업무 총괄
○ 보건소 관련 소관 사항
○ 청렴도 향상 업무 총괄
○ 5급이상 공무원 처분 사항",02-3153-8151
감사담당관,청렴감사팀,주무관,"○ 청렴도 향상에 관한 총괄
○ 청렴교육
○ 청탁금지법 관련 업무
○ 이해충돌 방지 및 관리
○ 공무원 행동강령 운영",02-3153-8156
감사담당관,청렴감사팀,주무관,"○ 주요업무계획, 구의회 관련 업무 등
○ 감사업무 지원
○ 서무, 예산회계",02-3153-8152
감사담당관,청렴감사팀,주무관,"○ 종합감사 총괄
○ 일상감사(정책, 예산, 기타분야)
○ 행정지원국, 도시환경국, 공단 관련 소관사항
○ 사전컨설팅 감사 집행전말
○ 취약분야 특별감사 등 현안사항
○ 비위공무원 신분상 처분",02-3153-8153
감사담당관,청렴감사팀,주무관,"○ 공직기강 총괄
○ 동주민센터 종합감사
○ 이해충돌 방지 및 관리
○ 재단, 복지동행국 관련 소관사항
○ 공공재정환수 관련 업무
○ 재무감사 총괄",02-3153-8154
감사담당관,청렴감사팀,주무관,"○ 감사원 등 외부기관 관련사항 총괄
○ 공공기관 채용 실태조사
○ 관광경제국, 재정관리국, 교통건설국 관련 소관사항
○ 부패영향 평가
○ 특정(분야)감사 총괄
○ 공공감사정보시스템 관리",02-3153-8155
감사담당관,청렴감사팀,주무관,"○ 청렴도 상시확인 관리시스템(청렴톡) 운영
○ 적극행정 시책 등에 관한 업무
○ 제도개선, 인권관련 업무
○ 청렴관련 업무 지원 및 홍보
○ 자율적 내부통제(청백e시스템, 자기진단제도, 공직자자기관리시스템운영)",02-3153-8157
새마포담당관,새마포기획팀,새마포담당관,○ 새마포담당관 업무 총괄,02-3153-8510
새마포담당관,새마포기획팀,새마포기획팀장,○ 더좋은마포팀 업무 총괄,02-3153-8531
새마포담당관,새마포기획팀,새마포기획팀장,,
새마포담당관,새마포기획팀,주무관,"○ 구청장 연설문 작성？관리(타부서 행사)
○ 국제상 응모에 관한 업무
○ 구정 여론조사 및 정책개발
○ 주요업무 관리 및 보고회 개최
○ 현안사업 보고회 개최
○ 재정관리국, 환경녹지국, 공단 소관 현안사항 검토",02-3153-8507
새마포담당관,새마포기획팀,6급,,
새마포담당관,새마포기획팀,주무관,"○ 구청장 및 부구청장 지시사항 관리
○ 자치구 부구청장 회의(영상회의 포함)
○ 구정 비전 및 주요 정책 등 발표자료 작성
○ 대내외 구청장 연설문 작성·관리(구정질문 포함)
○ 구정운영 4개년 계획 수립
○ 복지동행국, 교육체육국, 복지재단 현안사항 검토
○ 구청장직 인수위원회에 관한 업무(슬로건 등 포함)",02-3153-8509
새마포담당관,새마포기획팀,주무관,"○ 대외기관(국내상) 응모에 관한 업무
○ 국도 1호선 도시연맹 관련 업무
○ 관광경제국, 감사담당관, 문화재단 현안사항 검토
○ 벤치마킹 관련 업무
○ 정책회의(구청장, 부구청장) 개최",02-3153-8503
새마포담당관,새마포기획팀,주무관,"○ 담당관·과 서무, 근무평정, 예산회계업무
○ 확대간부회의 개최
○ 정기보고 자료 작성
○ 비전 공유공간 운영？관리
○ 교통건설국, 보건소 소관 현안사항 검토
○ 민간위탁, 공유재산 임대 현황",02-3153-8506
행정지원과,총무팀,행정지원과장,○ 행정지원과 업무 총괄,02-3153-8210
행정지원과,총무팀,총무팀장,○ 총무팀 업무 총괄,02-3153-8201
행정지원과,총무팀,주무관,"○ 기관 및 부서 운영 업무추진비 관리 및 회계처리
○ 신년인사회 개최
○ 舊청사(舊의회건물) 관리 업무
○ 기타 타직원에 속하지 않는 업무
○ 주요 시책사업 업무추진비 관리 및 회계처리",02-3153-8202
행정지원과,총무팀,주무관,"○ 국ㆍ과 서무, 예산 편성ㆍ결산, 기록물관리 등
○ 주요업무계획, 구의회 업무보고, 회의자료 등 총괄
○ 직원 조례, 시무식 및 종무식 개최
○ 전 부서 상황보고 관리(집회 포함)
○ 행정지원국 근무평정 관련 업무",02-3153-8204
행정지원과,총무팀,주무관,"○ 주요행사 의전
○ 주간행사·일정표 관리
○ 직원 수첩 제작ㆍ관리
○ 구민의 날 기념식 개최
○ 기타 타직원에 속하지 않는 업무",02-3153-8207
행정지원과,총무팀,주무관,"○ 통합방위협의회 및 통합방위지원본부 운영
○ 부서 일상경비 관련 회계처리
○ 직장민방위대 편성 및 운영
○ 공무원 노동조합 및 공무직 노동조합 관련 업무
○ 행정지원과 기간제근로자 채용ㆍ복무관리
○ 포토부스 관리 업무
○ 치안협의회 지원
○군부대 및 예비군 육성 지원",02-3153-8205
행정지원과,총무팀,주무관,"○ 자매도시 협력사업 및 구정의 대외 교류기반 구축
○ 남북교류협력사업 및 남북교류협력기금 관리",02-3153-8203
행정지원과,총무팀,주무관,"○ 당직 및 종합상황실(청경 복무관리 포함) 운영
○ 공용차량 관리(대 폐차 포함)
○ 팀 특근매식비 지급 업무
○ 부설주차장 관리(정기권 포함)
○ 보안업무 전반(청사방호 및 충무계획 포함)
○ 당직 전담 기간제근로자 채용 복무관리",02-3153-8206
행정지원과,총무팀,비서실장,○ 구청장 비서실 업무 총괄,02-3153-8030
행정지원과,총무팀,주무관,○ 구청장 비서실 업무,02-3153-8031
행정지원과,총무팀,주무관,○ 구청장 비서실 업무,02-3153-8032
행정지원과,총무팀,주무관,○ 구청장 비서실 업무,02-3153-8034
행정지원과,총무팀,주무관,"○ 9층 통합비서실 업무, 부구청장, 관광경제국장",02-3153-8021
행정지원과,총무팀,주무관,"○ 9층 통합비서실 업무
○ 행정지원국장, 재정관리국장",02-3153-8022
행정지원과,총무팀,주무관,"○ 7층 통합비서실 업무 복지동행국장, 교육체육국장, 교통건설국장",02-3153-8024
행정지원과,총무팀,주무관,"○ 전용차량 운전, 각종 행사지원
○ 근조기 설치 및 관리, 문서 수발
○ 공용차량 관리
○ 시민불편 살피미 업무처리 및 환경순찰",02-3153-6212
행정지원과,총무팀,주무관,"○ 공용차량 운전, 각종 행사지원
○ 시민불편 살피미 업무처리 및 환경순찰
○ 근조기 설치 및 관리, 문서수발",02-3153-6214
행정지원과,총무팀,주무관,"○ 공용차량 운전, 각종 행사지원
○ 근조기 설치 및 관리, 문서수발
○ 시민불편 살피미 업무처리 및 환경순찰
○ 공용차량 관리",02-3153-6213
행정지원과,총무팀,주무관,"○ 전용차량 운전, 구청장 의전수행
○ 시민불편 살피미 업무처리 및 환경순찰
○ 각종 행사지원
○ 공용차량관리",02-3153-6218
행정지원과,총무팀,주무관,"○ 공용차량 운전, 각종 행사지원
○ 공용차량 관리
○ 차량관리실 매식비정산
○ 시민불편 살피미 업무처리 및 환경순찰
○ 근조기 설치 및 관리, 문서수발",02-3153-6216
행정지원과,총무팀,주무관,"○ 전용차량 운전, 부구청장 의전수행
○ 시민불편 살피미 업무처리 및 환경순찰
○ 각종 행사지원
○ 공용차량관리",02-3153-6215
행정지원과,총무팀,정무실장,○ 정무실 업무 총괄,02-3153-6311
행정지원과,총무팀,정무실장,○ 365 구민소통실 총괄,02-3153-6311
행정지원과,총무팀,주무관,"○ 365 구민소통실 업무
○ 민원 상담 및 처리",02-3153-6316
행정지원과,총무팀,주무관,"○ 365 구민소통실 업무,민원 상담 및 처리",02-3153-6314
행정지원과,총무팀,정책실장,○ 정책실 업무 총괄,02-3153-6310
행정지원과,총무팀,주무관,○ 구정 주요 현안 사항 업무 지원,02-3153-6317
행정지원과,총무팀,주무관,,
행정지원과,총무팀,청원경찰,○ 청원경찰,02-3153-8100
행정지원과,총무팀,청원경찰,○ 청원경찰,02-3153-8100
행정지원과,총무팀,청원경찰,○ 청원경찰,02-3153-8100
행정지원과,총무팀,청원경찰,○ 청원경찰,02-3153-8100
행정지원과,총무팀,청원경찰,○ 청원경찰,02-3153-8100
행정지원과,총무팀,청원경찰,○ 청원경찰,02-3153-8100
행정지원과,총무팀,청원경찰,○ 청원경찰,02-3153-8100
행정지원과,총무팀,당직담당,,02-3153-0000
자치행정과,동행정팀,자치행정과장,○ 자치행정과장,02-3153-8310
자치행정과,동행정팀,동행정팀장,,02-3153-8301
자치행정과,동행정팀,주무관,"○ 주민전산 및 선거전산에 관한 업무
○ 주민등록에 관한 업무
○ 취학아동 관리에 관한 업무
○ 거주 외국인 지원에 관한 업무
○ 지명위원회 운영에 관한 사항
○ 행정구역 조정에 관한 업무
○ 동주민센터 인감에 관한 업무
○무인민원발급기 구매, 운영 지원",02-3153-8305
자치행정과,동행정팀,주무관,"○ 동 특화사업 평가 지원
○ 진실화해위원회 과거사 진실규명 신청 접수
○ 동 행정차량 운영에 관한 업무
○ 동행정 실적심사에 관한 평가 지원",02-3153-8317
자치행정과,동행정팀,주무관,"○ 법정 선거사무, 선관위 협조 업무
○ 동주민센터 직원 표창, 성과상여금
○ 주요 업무계획, 회의자료 작성
○ 동주민센터 직원 근무평정
○ 각종 지시사항 등 보고업무
○ 서무 및 타 직원 업무에 속하지 않은 사항
○ 민생회복 소비쿠폰 지원사업 운영 총괄
○부서 성과관리에 관한 업무",02-3153-8302
자치행정과,동행정팀,주무관,"○ 부서 예산편성에 관한 업무
○ 동주민센터 상황보고에 관한 업무(일일 일정표 관리)
○ 동주민센터 월별 일정표 관리
○ 동 단체회의 홍보 자료 작성, 관리
○ 동주민센터 예산편성 및 배정
○ 통·반장 조직 조정 및 교육, 통장 위ㆍ해촉 업무
○ 반상회 운영에 관한 업무
○동장월례회의 및 동청소 관련 업무
○ 동행정 실적심사에 관한 업무",02-3153-8303
자치행정과,동행정팀,주무관,"○ 행정사 등록, 폐업 등에 관한 사항
○ 북한이탈주민 지원에 관한 사항
○ 민주화운동 관련자 생활지원금 지급 업무
○ 민주평화통일협의회 관리 및 지원
○ 동 소통데이 관련 업무(소규모 간담회 포함)
○ 동 특화사업 총괄
○ 상생위원회 관련 업무
○구민소리함 관리",02-3153-8304
자치행정과,동행정팀,주무관,"○ 부서 일상경비, 제로페이 회계처리
○ 동 민원도우미 운영에 관한 업무
○ 민생회복 소비쿠폰 지원사업 예산 총괄
○ 부서 봉급, 수당 관리
○ 보안 및 비밀문서 관리
○ 대학생 아르바이트 모집 및 운영 업무
○ 충무계획(주민이동통제, 통일실시계획) 수립
○일반서무(문서접수, 배부 등)",02-3153-8309
홍보미디어과,언론팀,홍보미디어과장,○ 홍보미디어과 업무 총괄,02-3153-8260
홍보미디어과,언론팀,언론팀장,○ 언론팀 업무 총괄,02-3153-8291
홍보미디어과,언론팀,주무관,"○ 예산 및 결산, 복무, 봉급, 회계, 물품관리 등 서무 업무
○ 주요업무계획 관련사항 전반
○ 신문 스크랩 총괄, 국어책임관
○ 팀 내 타 직원에 속하지 않는 사항
○ 구청장 동정자료, 구보발간
○ 기자설명회, 간담회 및 현장 인터뷰 지원
○ 기록물 및 기록물철의 등록, 관리에 관한 사항 등
○홍보대사, 홍보역량강화 교육",02-3153-8262
홍보미디어과,언론팀,주무관,"○ 기자설명회 및 기자회견
○ 구청장 동정자료(포토뉴스 포함)
○ 기획보도 등 보도자료 작성 및 제공(총괄)
○ 언론 상황보고 및 주요 언론 이슈 관리
○ 홍보분석 보고, 주간 및 월간 보도실적 및 계획 보고
○ 언론사 취재 지원 및 기자간담회(지역기자제외)",02-3153-8293
홍보미디어과,언론팀,주무관,"○ 보도자료 작성 및 제공
○ 구청장 동정자료(포토뉴스 포함)
○ 신문 광고 및 공고
○ 언론사 취재지원
○ 지역기자 간담회 및 기자간담회 지원
○ 기자설명회 및 기자회견
○ 신문 구독 및 배부계획",02-3153-8292
홍보미디어과,언론팀,주무관,"○ 보도자료 작성 및 제공, 언론사 취재 지원
○ 기자설명회 및 간담회 지원
○ 언론 홍보 평가계획 수립 및 실적 평가
○ 구보 발간
○ 언론 보도실적 연감 제작
○ 구청장 동정자료(포토뉴스 포함 2, 5주 차 주말)",02-3153-8294
구민안전과,안전기획팀,구민안전과장,,02-3153-9460
구민안전과,안전기획팀,안전기획팀장,,
구민안전과,안전기획팀,안전기획팀장,,
구민안전과,안전기획팀,주무관,"○ 서무
○ 국민안전교육 계획 수립 및 총괄
○ 안전문화대상 공모
○ 안전문화운동 추진협의회
○ 어린이 안전체험교육 추진
○ 마포구 안전관리위원회 운영
○ 재난안전 사업예산 사전검토 및 총괄",02-3153-9462
구민안전과,안전기획팀,주무관,"○ 다중인파 안전관리
○ 안전점검의 날 운영
○ 기능연속성계획 수립
○ 마포구 안전관리계획 수립",02-3153-9466
구민안전과,안전기획팀,주무관,"○ 서무업무 지원(일상경비, 직원 봉급ㆍ수당 등)
○ 홍대관광특구 재난예방 안전전광판 운영
○ 보이는 소화기 관리
○ 구민안전보험 운영
○ 안전신문고 운영 및 실적관리
○ 안전모니터봉사단 및 안전보안관 운영",02-3153-9465
구민안전과,안전기획팀,주무관,"○ 지역축제 안전관리계획 심의 및 점검
○ 안전정책실무조정위원회 운영
○ 한파 대책 총괄
○ ※ 재난 및 안전관리 가산점 직위
○ 화재대피용 방연마스크
○ 재난취약가구 안전점검 및 정비사업
○ 재난안전분야 종사자 의무교육 관리",02-3153-9463
구민안전과,안전기획팀,주무관,"○ 지역축제(옥외행사) 안전관리계획 심의 및 점검 업무 지원
○ 화재대피용 방연마스크 지원
○ 다중인파 안전관리 업무 지원
○ 보이는 소화기 관리 지원",02-3153-9464
민원여권과,민원행정팀,민원여권과장,○ 민원여권과 업무 총괄,02-3153-8460
민원여권과,민원행정팀,민원행정팀장,○ 민원행정팀 업무 총괄,02-3153-8451
민원여권과,민원행정팀,주무관,,
민원여권과,민원행정팀,주무관,"○ 행정정보공개 업무
○ 정보공개심의회 운영 관리
○ 사전정보공표목록 관리",02-3153-9917
민원여권과,민원행정팀,주무관,"○ 대내외 민원행정 평가 업무
○ 국민행복민원실 공모·운영
○ 민원사무편람 관리
○ 서울시 응답소(일반) 전자민원
○ 민원실 시설·환경 개선
○ 민원행정 및 제도개선 업무",02-3153-8455
민원여권과,민원행정팀,주무관,"○ 공인 관리
○ 문서사송실 관리
○ 우편모아시스템 통합관리
○ 대외문서(비밀문서 포함) 접수 및 배부
○ 인감대장 접수 및 배부",02-3153-9918
민원여권과,민원행정팀,주무관,"○ 기록물관리 현장점검
○ 분류기준표 운영
○ 기록관리시스템 운영
○ 기록물관리(생산현황, 이관, 폐기)
○ 종합문서고 운영 관리",02-3153-8453
복지정책과,복지기획팀,복지정책과장,,
복지정책과,복지기획팀,복지기획팀장,○ 복지기획팀 업무 총괄,02-3153-8801
복지정책과,복지기획팀,주무관,"○ 보건복지부 지역복지사업평가, 행안부 지자체 합동평가 총괄
○ 지역사회보장계획(연차별계획) 수립 및 평가
○ 복지정책 개발을 위한 공청회, 포럼, 토론회
○ 사회복지직공무원 인력관리 및 인건비 정산
○ 사회복지의날 복지유공자 표창
○ 호국보훈 감사축제 행사 총괄
○ 현충일유족수송, 6.25참전유공자, 독립유공자 기념행사 추진
○저소득주민의 복지증진에 관한 조례 관리
○ 지역복지사업 기획",02-3153-8803
복지정책과,복지기획팀,주무관,"○ 국？과 서무(총무, 인사, 후생복지, 복무관리)
○ 복지동행국 주간업무자료, 간부회의, 팀장회의 등 지원
○ 복지동행국 구의회업무보고 및 주요업무보고 등 총괄
○ 예산편성ㆍ결산ㆍ회계ㆍ지출 총괄
○ 복지동행국 내 타 부서 및 부서 내 다른 팀에 속하지 않은 사항
○ 참전명예수당 및 생활보조수당(시비) 지급
○ 충무계획 수립",02-3153-8802
복지정책과,복지기획팀,주무관,"○ 보훈회관 운영 및 보훈단체, 의사상자 관리
○ 의사상자 등 예우 및 지원에 관한 조례 관리
○ 독립유공생활지원금 및 국가유공자 사망위로금 지급
○ 보훈대상자 위문금(3.1절,보훈의 달, 독립유공자, 명절) 지급
○ 보호관찰 대상자 등에 대한 사회정착 지원 조례 관리
○ 보훈회관 설치 및 운영에 관한 조례 관리
○ 병역명문가 예우에 관한 조례 관리
○국가보훈대상자 예우 및 지원에 관한 조례 관리
○ 국가보훈대상자 장례서비스 지원
○ 호국보훈 감사축제 행사 지원",02-3153-8807
복지정책과,복지기획팀,주무관,"○ 서무, 회계지출업무
○ 범죄피해자 지원에 관한 조례 관리
○ 서울서부범죄피해자지원센터 지원
○ 저소득층 미세먼지 마스크 빛 방역용품 지원 사업
○ 코로나19 입원,자가격리자 생활지원비 사업 운영 및 관리
○ (이중수급 환수 조치 등)
○ 재해구호업무
○사회복지지설 공익근무요원 관리
○ 보안,물품,기록물, 다산120, 홈페이지 관리 등",02-3153-8805
복지정책과,복지기획팀,주무관,"○ 보훈예우수당 및 참전명예수당(구비) 지급
○ 기타 팀업무지원
○ 차세대행복이음 권한 관리
○ 이태원참사피해자 생계지원",02-3153-8808
실뿌리복지과,실뿌리복지팀,실뿌리복지과장,,
실뿌리복지과,실뿌리복지팀,실뿌리복지팀장,"○ 실뿌리복지팀 업무 총괄
○ 동행센터 사업 기획, 추진 및 모니터링 총괄
○ 리마인드콜 운영 관리
○ 복지사각지대 발굴 및 지원 총괄
○ 고독사 예방 사업 총괄
○ 실뿌리 복지전달체계 총괄",02-3153-6331
실뿌리복지과,실뿌리복지팀,주무관,"○ 실뿌리 복지전달체계 추진
○ 기타 실뿌리복지센터 조성 추진 등
○ 합정7구역 복합문화복지시설 건립 추진(공약사업)
○ 망원2 실뿌리복지센터 조성 추진
○ 1동 1실뿌리복지센터 추진 총괄
○ 노고산 실뿌리복지센터 조성 추진",02-3153-6333
실뿌리복지과,실뿌리복지팀,주무관,"○ 고독사 예방 및 관리 시범사업
○ 사회적 고립 1인가구 실태조사 및 모니터링
○ 고독사 예방 사업
○ 고립예방협의체 구축.운영 및 활성화 사업
○ 동행센터 지원(물품, 공공요금 등)
○ 마포 안심 똑똑! 모바일 안심케어 서비스",02-3153-6334
실뿌리복지과,실뿌리복지팀,주무관,"○ 과 서무(총무, 인사, 후생복지, 복무관리)
○ 부서 내 다른 팀에 속하지 않은 사항
○ 찾아가는 보건복지서비스 사업 추진
○ 주간업무자료, 간부회의, 팀장회의 등 지원
○ 구의회업무보고 및 주요업무보고 등 총괄
○ 예산편성ㆍ결산ㆍ회계ㆍ지출 총괄",02-3153-6332
실뿌리복지과,실뿌리복지팀,주무관,"○ 복지사각지대 발굴 및 지원 사업 추진
○ 복지위기 온라인 상담 창구 및 SMS관리
○ 실뿌리복지소식지 제작·배부
○ 우리동네돌봄단 운영
○ 우리동네 행복+사업 추진
○ 복지대상자 모니터링&케어 사업 추진
○ 명예사회복지공무원 운영",02-3153-6335
어르신동행과,어르신정책팀,어르신동행과장,○ 어르신동행과 업무 총괄,02-3153-8860
어르신동행과,어르신정책팀,주무관,"○ 과 서무 업무, 예산편성, 결산, 비밀문서, 보안업무
○ 민원 지정(유기한ㆍ응답소민원, 정보공개 등)
○ 효도밥상 예산 지출
○ 세외 수입 총괄
○ 업무분장 사무 외 기타 업무
○ 출장, 초과근무 관리 및 수당 지급
○ 업무보고, 주간, 월중 등 회의자료, 기록물관리, 성과관리",02-3153-8852
어르신동행과,어르신정책팀,주무관,"○ 효도밥상 반찬공장(1공장,2공장) 관리 총괄
○ 효도밥상 벤치마킹 및 사업 홍보 관련 업무
○ 효도밥상 민관 협력사업 추진
○ 효도밥상사업관련 마포복지재단 예산편성· 관리 및 집행 등 운영 지원
○ 효도밥상 급식기관 조성관련 예산편성 및 집행
○ 효도밥상 경로당 조성 및 시설관리",02-3153-8853
어르신동행과,어르신정책팀,주무관,"○ 효도밥상 급식기관 관리 총괄
○ 효도밥상 이용자 관리
○ 효도밥상 차량 관리
○ 공약사업 및 공모사업등 관련 업무 지원
○ 효도밥상 급식기관 선정 관련 업무
○ 효도밥상 급식기관 관련 전반적 예산편성(자원봉사자실비포함) 및 운영지원 등
○ 주민참여 효도밥상 사업 관련 조례 제ㆍ개정",02-3153-8854
어르신동행과,어르신정책팀,주무관,"○ 고령친화도시 조성 관련 업무
○ 효도밥상 기탁식, 재단행사 지원 관련 업무
○ 서울밥상 관련 전반적 운영·관리등 사업지원
○ 경로식당 등 무료급식 사업 운영(정부양곡 포함)_자격결정, 시설관리, 지도점검 등
○ 저소득 어르신 보행보조차 지원사업",02-3153-8857
어르신동행과,어르신정책팀,주무관,"○ 효도밥상 경로당 프로그램 운영 및 관리
○ 효도밥상 일자리 인력 관리(동행, 노인, 장애인 등)
○ 효도밥상 관련 업무 지원 등
○ 효도밥상 사업 모니터링, 만족도조사 등",02-3153-8867
장애인복지과,장애인정책팀,장애인복지과장,○ 장애인복지과 업무 총괄,02-3153-8880
장애인복지과,장애인정책팀,장애인정책팀장,○ 장애인정책팀 업무 총괄,02-3153-8881
장애인복지과,장애인정책팀,주무관,"○ (가칭)마포장애인복지타운 건립
○ 장애인복지위원회 및 장애인상생위원회
○ 시각장애인 경로당 조성
○ 장애인문화예술축제(가을문화예술제)
○ 장애인복지계획 수립
○ 장애인전용주차구역(행정, 예산, 시설관리, 기간제관리 등)
○ 장애인복지사업평가
○장애인친화 미용실 조성
○ 장애인복지시책사업 개발 및 추진",02-3153-8883
장애인복지과,장애인정책팀,주무관,"○ 과 서무 업무, 예산편성, 결산, 비밀문서, 복무, 회계처리, 기록물관리
○ 장애인단체 지원 관련 업무(지방보조금, 주민참여예산, 명절 위문 등)
○ 업무 분장 사무 외 기타 업무
○ 업무보고, 주간, 월중 등 회의자료, 성과관리",02-3153-8882
장애인복지과,장애인정책팀,주무관,"○ 장애인식개선 및 차별금지 관련업무
○ 무장애도시 조성 사업 관련 업무(휠체어리프트 버스 지원, 의사소통 지원 사업)(모니터링단 조성 운영 및 교육 사업 추진 등)
○ 장애인복지시책 안내책자 및 점역서 발행
○ 장애인편의시설 관련 업무
○ 장애인편의증진기술지원센터 관련 업무
○ 장애인전용주차구역 업수(행정, 예산, 시설관리, 기간제관리 등)
○ 장애인친화미용실 조성 업무
○장애인편의증진 경사로 설치 업무",02-3153-8879
장애인복지과,장애인정책팀,주무관,"○ 장애인전용 주차구역 위반관리
○ 의견제출 접수 및 의견진술심의회 운영
○ 기타 장애인전용주차구역 단속 관련 업무
○ 시스템관리(스마트단속, 위반관리)
○ 과태료 부과 및 세외수입 제반사항",02-3153-8884
가족정책과,가족정책팀,가족정책과장,○ 가족정책과 업무 총괄,02-3153-8910
가족정책과,가족정책팀,가족정책팀장,"○ 가족정책팀 업무 총괄
○ 신규 가족정책 사업 기획 추진
○ 여성친화도시 조성사업 총괄
○ 가족정책 평가 총괄
○ 양성평등정책 종합 계획 수립 및 사업 총괄
○ 성별영향평가사업 총괄",02-3153-8921
가족정책과,가족정책팀,주무관,"○ 여성친화도시 조성사업 추진(여성친화전담)
○ 여성친화도시 조성관련 중장기계획 및 연도별 시행계획 수립
○ 마포여성동행센터 운영
○ 양성평등주간행사 추진
○ 여성친화도시 네트워크 운영",02-3153-8923
가족정책과,가족정책팀,주무관,"○ 예산, 결산, 지출, 회계 총괄
○ 기타 일반서무 업무
○ 타 팀(직원) 업무에 속하지 않는 업무
○ 맘카페 조성지원
○ 각종 회의자료 작성
○ 정부합동평가, 세외수입업무 총괄
○ 문서관리(배부,발송) 및 부서 홈페이지 관리
○양성평등기금 운용 및 사업 추진
○ 여성가족부 충무계획 수립",02-3153-8922
가족정책과,가족정책팀,주무관,"○ 여성친화시설 조성ㆍ운영(맘카페)
○ 여성 취ㆍ창업 지원(공모사업, 교육사업 등)",02-3153-8924
가족정책과,가족정책팀,주무관,"○ 여성복지법인·시설 운영지원 및 지도, 감독
○ 여성안심서비스 사업 추진(CCTV 관제요원, 불법촬영 시민감시단 등)
○ 공중화장실 불법촬영장비 점검 사업 추진
○ 성인권 및 양성평등(성폭력) 교육 사업 추진
○ 여성, 아동 안전시스템 구축 및 운영
○ 여성안전시설 설치, 관리
○ 경력단절여성 일자리사업 추진
○여성복지시설 입소자 자격 관리
○ 성폭력, 가정폭력 피해자 의료비 지원
○ 공무원 성인지 교육 추진",02-3153-8926
가족정책과,가족정책팀,주무관,"○ 성별영향평가 사업 추진(성별영향평가전담)
○ 특근매식비 지급업무
○ 구석구석 안전모니터링단 운영
○ 여성단체연합회 지원
○ 여성안심택배함 및 안심지킴이집 사업 추진
○ 사회복무요원 관리
○ 맘카페 운영지원
○구민참여단 운영",02-3153-8927
가족정책과,가족정책팀,주무관,"○ 일반서무, 지출, 회계 업무
○ 문서관리(배부,발송) 및 부서 홈페이지 관리
○ 맘카페 조성 지원
○ 사회복무요원 관리
○ 여성안심택배함 및 안심지킴이집 사업 추진
○ 여성안전시설 설치관리
○ 보안, 물품, 기록물, 응답소 120 등
○특근매식비 지급업무",02-3153-8934
가족정책과,가족정책팀,마포여성동행센터,"○ 마포여성동행센터 사업 총괄
○ 센터 사업계획 수립 및 평가 관리
○ 여성의날, 양성평등주간 행사 등 추진
○ 지역사회 협력, 네트워크 등 구축사업
○ 여성 취.창업 지원사업 발굴 및 운영
○ 센터 프로그램 개발 및 운영",02-3153-1621
가족정책과,가족정책팀,마포여성동행센터,"○ 여성의 권익증진 및 여성.가족 활동지원사업 기획 및 운영
○ 여성친화시설 운영 및 관리
○ 주민폭력예방 및 세대별 성인지 교육 사업
○ 센터 프로그램 개발 및 운영",02-3153-1622
가족정책과,가족정책팀,마포여성동행센터,"○ 센터 회계 및 행정사무
○ 센터 공간 대관 및 사용료 관리
○ 시설관리, 비품, 자산취득, 기자재 등 관리
○ 홍보 및 홈페이지 관리
○ 여성친화시설 운영 및 관리",02-3153-1624
가족정책과,가족정책팀,마포여성동행센터,"○ 마포여성동행센터 교육, 행사 등 운영
○ 기타 센터 운영 관련 업무
○ 여성친화시설 운영 및 관리
○ 여성의 권익증진 및 여성？가족 활동 지원사업 운영
○ 주민참여 소모임, 동아리 등 지원사업",02-3153-1623
교육청소년과,교육정책팀,교육청소년과장,,02-3153-8970
교육청소년과,교육정책팀,교육정책팀장,"○ 교육정책팀 업무 총괄
○ 교육발전 전략업무 추진
○ 민선8기 공약사업 추진
○ 교육관련 위원회 운영 관리",02-3153-8951
교육청소년과,교육정책팀,주무관,"○ 국,과서무
○ 기타 다른 팀에 분장되지 않은 업무
○ 가족사랑 캠프 운영
○ 주요업무계획(구청장,구의회 등) 및 회의자료",02-3153-8952
교육청소년과,교육정책팀,주무관,"○ 교육특별구 추진 계획 수립 및 운영
○ 교육발전자문위원회 운영
○ 영어캠프 운영
○ 입시설명회(대입, 수시, 정시)
○ 진로직업체험지원센터 운영지원 및 지도·감독",02-3153-8955
교육청소년과,교육정책팀,주무관,"○ 교육경비보조금 및 학교 관련 업무(유치원,중학교,고등학교)
○ 입학준비금 지원
○ 모범학생 표창
○ 친환경 무상급식 및 급식지원심의위원회 운영
○ 마포인재육성장학재단 업무지원 및 지도감독
○ 과학탐험교실 사업 및 특화교육사업 운영",02-3153-8954
교육청소년과,교육정책팀,주무관,"○ 마포구 미래교육지구 계획수립 및 평가업무(총괄)
○ 미래교육 페스티벌 행사 운영
○ 청소년 동아리 지원사업
○ 지역연계 협력사업(대학연계 등)
○ 서울런 운영 관리",02-3153-8956
교육청소년과,교육정책팀,주무관,"○ 교육경비보조금 계획수립 및 운영(총괄)
○ 학교폭력대책지역협의회 운영
○ 스쿨매니저 지원사업
○ 영어캠프 운영
○ 청소년 성장 및 건강관리 지원 사업
○ 교육경비보조금심의위원회 운영
○ 학교 관련 업무(초등학교)",02-3153-8953
평생학습과,평생교육팀,평생교육팀장,○ 평생교육팀 업무 총괄,02-3153-8971
평생학습과,평생교육팀,주무관,"○ 과서무, 타 직원에 속하지 않은 업무
○ 평생학습도시 재지정 추진
○ 집필실 운영 및 관리
○ 마포중앙도서관 중대산업재해 예방 관련 관리
○ 학력인정 평생교육시설 보조금 지원
○ 평생교육협의회, 평생교육실무협의회 운영",02-3153-8972
평생학습과,평생교육팀,주무관,"○ 평생교육 프로그램 개발 및 운영
○ 평생교육 단/중장기 계획 수립 및 평생학습도시 재지정 추진
○ 평생교육 네트워크 활성화 사업 운영
○ 평생교육 종사자 교육 및 훈련 과정 운영
○ 성인문해교육 운영 및 지원사업",02-3153-8975
평생학습과,평생교육팀,주무관,"○ 평생학습센터 정규 프로그램 개발 및 운영
○ 기간제 관리(채용, 교육, 임금 등) [부]
○ 평생학습 축제(박람회) 추진",02-3153-8973
평생학습과,평생교육팀,주무관,"○
○ 자발적 학습모임(동아리) 지원사업
○ 일반/장애인 평생교육 이용권 지원 사업
○ 동 평생학습센터 성과공유회 및 워크숍 추진
○ 동 평생학습센터 운영 및 지원사업",02-3153-8976
보육정책과,보육정책팀,보육정책과장,○ 보육정책과 업무 총괄,02-3153-8980
보육정책과,보육정책팀,보육정책팀장,○ 보육정책팀 업무 총괄,02-3153-1661
보육정책과,보육정책팀,주무관,"○ 과서무
○ 주요업무보고, 구의회 관련 업무
○ 성과관리업무 총괄
○ 기록물관리
○ 사회복지법인 관리(보육분야)
○ 보육조례
○ 어린이축제",02-3153-1662
보육정책과,보육정책팀,주무관,"○ 국공립어린이집 정밀안전진단
○ 창전어린이집 대체신축
○ 국공립어린이집 그린리모델링 사업
○ 기타 현안 지시사항 업무 추진
○ 성산어린이집 대체신축",02-3153-1663
보육정책과,보육정책팀,주무관,"○ 위탁체 선정에 관한 업무
○ 보육정책위원회 운영
○ 유보통합 업무
○ 영유아보육사업 기본계획 수립
○ 사회복무요원(어린이집, 육아종합지원센터) 관리
○ 일반서무(초과, 출장, 급량비)",02-3153-1665
보육정책과,보육정책팀,주무관,"○ 마포육아종합지원센터 운영 지원
○ 시간제보육 관리 및 운영지원
○ 마포구 베이비시터하우스 설치·운영 총괄
○ 장난감대여점 운영 지원",02-3153-1664
체육진흥과,체육정책팀,체육진흥과장,,02-3153-9860
체육진흥과,체육정책팀,체육정책팀장,"○ 생활체육 진흥 업무 총괄
○
○ 종합체육관 확충에 관한 사항
○ 종합체육관 관리, 운영에 관한 사항",02-3153-9851
체육진흥과,체육정책팀,주무관,"○ 종합체육관 확충 업무
○ 주민편익시설 건립",02-3153-9853
체육진흥과,체육정책팀,주무관,"○ 과 서무, 예산 및 회계 업무
○ 주요업무보고, 구의회 업무
○ 한서공영주차장 내 체육시설 설치 리모델링
○ 체육진흥협의회 구성 및 운영
○ 기타 타직원의 분장되지 않은 업무
○ 생활체육 진흥계획 수립 및 시행 업무
○ 성과관리 업무
○고양시 내 체육시설 설치 관련 MOU체결",02-3153-9852
체육진흥과,체육정책팀,주무관,"○ 마포유수지 체육복합시설 건립에 관한 사항
○ 공공체육시설 조성 한서공영주차장 리모델링",02-3153-9855
체육진흥과,체육정책팀,주무관,"○ 마포구민체육센터
○ 망원나들목체육관 관리운영
○ 마포체력인증센터 운영",02-3153-9856
체육진흥과,체육정책팀,주무관,"○ 염리생활체육관 관리 운영
○ 성미산체육관 관리 운영
○ 초과근무수당 및 여비 지급, 매식비 관리
○ 사회복무요원, 기록물 및 물품 관리
○ 비영리체육법인 설립 및 신고",02-3153-9854
관광정책과,관광정책팀,관광정책과장,○ 관광정책과 업무총괄,02-3153-8660
관광정책과,관광정책팀,관광정책팀장,○ 관광정책팀 업무총괄,02-3153-8651
관광정책과,관광정책팀,주무관,"○ 국과서무, 인사업무 추진
○ 각종회의 및 보고자료 작성 총괄
○ 구의회 주요업무 보고자료 등 총괄
○ 마포문화관광활성화 연구 용역
○ 일상경비 지출
○ 기타 타 팀에 속하지 않는 업무
○ 우리동네 관광환경보안관 운영",02-3153-8652
관광정책과,관광정책팀,주무관,"○ 레드로드 국제 댄스 페스티벌, 레드로드 페스티벌
○ 마포관광 유튜브 운영
○ 마포문화관광협의회 관련 업무
○ 관광객 환대 이벤트 운영
○ 레드로드 캐릭터 관련 업무
○ 홍대 관광특구 상생위원회 운영
○ 홍대 관광특구 활성화",02-3153-8653
관광정책과,관광정책팀,주무관,"○ 카운트다운 행사
○ 관광특구 안내체계 구축
○ R6 돔 설치
○ 레드로드 가림막 설치
○ 홍대 관광특구 확대 지정 연구 용역
○ 레드로드 조성 관련 총괄",02-3153-8654
관광정책과,관광정책팀,주무관,"○ 빛거리 조성 및 운영
○ 관광산업활성화 위원회 운영
○ 이야기를 따라 걷는 마포 마을 여행
○ 난지테마숲길축제(상사화 축제)
○ 마포관광 SNS 운영 및 관리",02-3153-8655
관광정책과,관광정책팀,주무관,"○ 레드로드 표지판 설치
○ 레드로드 핫포차 운영
○ 빛거리 점등식
○ 문서접수 및 배부, 부서 홈페이지 관리 등
○ 레드로드 R4~R6 운영 및 관리
○ 관광분야 시,구 협력사업(6서울도심관광협의회)
○ 2025 레드로드 사용설명서 제작,발간",02-3153-8656
경제진흥과,경제총괄팀,경제총괄팀장,○ 경제총괄팀 업무 총괄,02-3153-8571
경제진흥과,경제총괄팀,경제진흥과,○ 경제진흥과 업무 총괄,02-3153-8570
경제진흥과,경제총괄팀,주무관,"○ 소상공인 단체 지원
○ 중소기업 및 소상공인 지원(재난지원금, 손실보상금)
○ 상암 DMC입주(예정)기업 지원
○ 하늘길 상권육성사업 추진(하늘길 축제, 소원광장 포함)
○ 11대 상권 환경 및 시설개선 추진(관련 민원 포함)
○ 신용보증재단 협력사업(민관공학협의체 등)
○ (마포구상공회·소기업소상공인회·소상공인연합회)",02-3153-8574
경제진흥과,경제총괄팀,주무관,"○ 마포상생앱 운영 관리(고도화 및 유지보수 용역)
○ 생활상권 기반사업 및 육성사업 사후관리
○ 상권별 특화콘텐츠 및 브랜드 개발
○ 마포상생앱 상권정보 등록 및 프로모션 추진
○ 마포상생앱 동행일자리 근로자 관리
○ 11대 상권 활성화 사업 추진(관련 민원 포함)
○ 마포상생앱 활성화(기획, 홍보) 추진",02-3153-8573
경제진흥과,경제총괄팀,주무관,"○ 부서 서무, 예산·회계, 결산, 비밀문서, 보안업무
○ 각종 업무계획 및 회의자료, 성과관리, 자료 제출
○ 중소기업제품 구매에 관한 사항
○ 충무계획 수립(중소벤처기업부)
○ 기록물, 물품관리, 전산, 홍보, 민원지정(정보공개 등)
○ 출장, 초과근무 관리 및 수당 지급",02-3153-8575
경제진흥과,경제총괄팀,주무관,"○ 창업복지관 시설물 관리에 관한 사항
○ 서울형 캠퍼스타운 지원 사업
○ 도시제조업체 작업환경개선 지원사업
○ 마포비즈니스센터 운영
○ 1인 창조기업ㆍ중장년창업센터 지원",02-3153-8572
경제진흥과,경제총괄팀,주무관,"○ 중소기업육성기금 운영 및 특별신용보증 지원
○ 맞춤형 입찰정보 서비스 운영
○ 공장 등록 관련 업무
○ 민생회복 소비쿠폰 홍보(가맹점)
○ 젠트리피케이션 관련 업무
○ 마포사랑상품권 및 지역화폐 업무",02-3153-8576
문화예술과,문화예술기획팀,문화예술과장,○ 문화예술과 업무 총괄,02-3153-8360
문화예술과,문화예술기획팀,주무관,"○ 마포나루 새우젓축제 추진
○ 신년 해맞이 행사 추진
○ 마포문화원(향토문화, 내고장 탐방 등) 지원
○ 문화예술 진흥 관련 주요 역점 사업 추진",02-3153-8353
문화예술과,문화예술기획팀,주무관,"○ 마포문화재단 조직·인력 및 경영 적정성 관련 업무 등
○ 마포문화재단 예산·결산·이사회 관련 업무
○ 구립예술합창단 관리 및 운영 지원
○ 마포공연예술관광 페스티벌(M클래식)
○ 서울마포음악창작소 관리·운영에 관한 사항
○ 구립윈드오케스트라 관리 및 운영 지원
○ 마포문화재단 지도점검에 관한 업무",02-3153-8352
문화예술과,문화예술기획팀,주무관,"○ 마포아트센터 운영 지원 및 민원 처리
○ 레드로드 로드갤러리 전시회 개최
○ 자치구 생활문화 협력체계 구축 사업
○ 전직 대통령 기념사업 지원",02-3153-8355
문화예술과,문화예술기획팀,주무관,"○ 과 서무업무
○ 양화진 힐링공간 조성 운영
○ 타 직원에 속하지 않는 업무
○ 광흥당 운영 및 관리
○ 충무계획 수립(문화체육관광)",02-3153-8354
문화예술과,문화예술기획팀,주무관,"○ 지역문화예술 행사 및 축제 지원(구비보조금)
○ 축제 평가단 구성 및 운영
○ 자치구 축제 지원 및 육성사업 관련(시비보조금)
○ 축제심의위원회 구성 및 운영",02-3153-8357
고용협력과,고용정책팀,고용협력과장,○ 고용협력과 업무 총괄,02-3153-8590
고용협력과,고용정책팀,고용협력과장,○ 고용협력과 업무 총괄,02-3153-8590
고용협력과,고용정책팀,주무관,"○ 지역일자리 공시제 관련 업무
○ 일자리창출위원회 운영
○ 청년친화도시 TF 업무
○ 일자리 관련 공모(제안)사업 추진 총괄
○ 예산회계 전반에 관한 사항
○ 주요업무 보고, 구의회 등 관련 업무
○ 기타 부서 서무
○각종 회의자료 및 보고자료 등 총괄
○ 자치단체 재정지원 일자리 정부평가 업무",02-3153-8552
고용협력과,고용정책팀,주무관,"○ 마포직업소개소 및 일자리설계사 운영
○ 일자리매칭데이 및 박람회 업무
○ 마포형 지역돌봄 서포터즈(매력일자리사업)
○ 일자리 관련 공모(제안)사업 추진
○ 일반경비원 신임교육과정 운영",02-3153-8553
고용협력과,고용정책팀,주무관,"○ 마포구고용복지지원센터 운영
○ 협동조합 신고인가 및 관리
○ 일자리 관련 공모(제안)사업 추진
○ 마을기업 운영관리 등 관련 업무
○ 사회적기업 인·지정업무 및 관리",02-3153-8555
고용협력과,고용정책팀,주무관,"○ 사회적경제통합지원센터 운영
○ 기타 사회적경제 활성화 업무
○ 일자리 관련 공모(제안)사업 추진
○ 마포자람 운영
○ 공공구매 및 공공시장 확대 관련 업무
○ 사회적경제 재정지원사업
○ 사회적경제기본계획 수립
○사회적경제관련 공무원 교육
○ 사회적경제위원회 운영",02-3153-8554
고용협력과,고용정책팀,직업상담사,○ 구인업체 발굴 및 구직 상담,02-3153-9951
고용협력과,고용정책팀,직업상담사,○ 구인업체 발굴 및 구직 상담,02-3153-9953
고용협력과,고용정책팀,직업상담사,○ 구인업체 발굴 및 구직 상담,02-3153-9952
예산정책과,예산팀,예산정책과장,,02-3153-8050
예산정책과,예산팀,주무관,"○ 본예산 및 추경예산 편성 총괄
○ 세입예산 관리(조정교부금, 특별교부금(세) 등)
○ 행정지원국 예산관리
○ 특별교부금, 특별교부세 관리
○ 중앙정부 및 서울시 예산관련 업무 협의",02-3153-8052
예산정책과,예산팀,주무관,"○ 국·과 서무, 근무평정, 예산회계업무
○ 주요업무계획, 구의회 업무보고 등 총괄
○ 일상경비 지출 및 관리
○ 새마포담당관·감사담당관·구의회사무국 예산관리",02-3153-8057
예산정책과,예산팀,주무관,"○ 관광경제국, 재정관리국 예산관리
○ 예산변경(이·전용,변경 사용), 이체(조직개편)
○ 예비비
○ 중기재정계획
○ 주민참여예산 총괄
○ 예산개요 및 재정분석(LFIS) 등 각종자료 작성 및 관리",02-3153-8053
예산정책과,예산팀,주무관,"○ 교육체육국, 교통건설국 예산관리
○ 명시·사고이월
○ 간주처리
○ 지방재정운영상황 공시
○ 각종기금 관리",02-3153-8054
예산정책과,예산팀,주무관,"○ 복지동행국 예산관리
○ 국·시비보조금 예산편성 및 관리(국고관리시스템)
○ 성인지예산서
○ 투자심사(대규모 투자사업) 사업관리",02-3153-8058
예산정책과,예산팀,주무관,"○ 환경녹지국, 도시관리국 예산관리
○ 주요재정사업 심사 및 평가
○ 균형(신속)집행 사업 관리
○ 기관공통경비 관리
○ 성과계획서
○ 예산성과금 관리",02-3153-8055
예산정책과,예산팀,주무관,"○ 보건소 예산관리
○ 일반서무(봉급, 제수당, 기록물 등)
○ 충무계획수립(전시예산)
○ 주민참여예산위원회 운영 및 위원회 개최 지원
○ 예산배정운용관리(자금수급계획), 지방재정관리시스템 관리",02-3153-8056
스마트정책과,디지털정책팀,스마트정책과장,○ 스마트정책과 총괄,02-3153-8410
스마트정책과,디지털정책팀,디지털정책팀장,,02-3153-8401
스마트정책과,디지털정책팀,주무관,"○ 지능정보화 실행계획 수립 및 행정정보화 관련 사항 추진
○ 데이터기반행정 및 공공데이터 평가에 관한 사항 추진
○ 정보화 법규 정비 및 운영
○ 전자정부 성과관리 및 정보자원시스템(IRM)관리
○ 정보화사업 추진(디지털정책, 디지털트윈, AI서비스 등)
○ 정보화사업 사전협의 절차 운영",02-3153-8414
스마트정책과,디지털정책팀,주무관,"○ 홈페이지 운영 총괄 및 신규 서비스 발굴
○ 홈페이지 서버, 솔루션 등 운영 관리
○ 홈페이지 유지보수 계약 및 관리
○ 홈페이지 총량제, 기관 도메인, 본인인증 관리
○ 홈페이지 및 콘텐츠/알림판 운영 관리",02-3153-8402
스마트정책과,디지털정책팀,주무관,"○ 구민 정보화교육(디지털배움터 등)운영 및 시설관리
○ 복합기 임차 및 통합유지관리
○ 행정업무용 상용소프트웨어 구매 및 보급관리
○ 공공데이터 개방 및 품질 관리, 메타데이터 관리",02-3153-8416
스마트정책과,디지털정책팀,주무관,"○ 통합문자발송 및 알림톡 운영
○ 행정전자서명 운영
○ 공공데이터 개방 및 품질관리, 메타데이터 관리
○ 행정정보공동이용 관리",02-3153-8405
재무과,입찰팀,재무과장,○ 재무과 업무총괄,02-3153-8610
재무과,입찰팀,입찰팀장,○ 입찰팀 업무 총괄,02-3153-8171
재무과,입찰팀,주무관,"○ 시설공사, 용역계약, 물품, 조달구매에 관한 사항(입찰, 전자수의)[관광경제국, 재정관리국, 환경녹지국, 도시관리국, 보건소]
○ 하도급지킴이 업무",02-3153-8173
재무과,입찰팀,주무관,"○ 시설공사, 용역계약, 물품, 조달구매에 관한 사항(입찰, 전자수의) [새마포담당관, 교육체육국, 교통건설국]
○ 하도급지킴이 업무
○ 계약심의위원회",02-3153-8174
재무과,입찰팀,주무관,"○ 과서무 업무 예산, 결산, 감사, 인사, 주요업무보고 등
○ 시설공사, 용역계약, 물품, 조달구매에 관한 사항(입찰, 전자수의) [감사담당관, 행정지원국, 복지동행국]
○ 기타 다른 직원에 속하지 않는 업무
○ 하도급지킴이 업무",02-3153-8172
징수과,세입총괄팀,징수과장,○ 징수과 업무 총괄,02-3153-8780
재산세과,재산세1팀,재산세과장,○ 재산세과 업무 총괄,02-3153-8720
재산세과,재산세1팀,재산세1팀장,○ 재산세1팀 업무총괄,02-3153-8711
재산세과,재산세1팀,주무관,"○ 주요업무계획 수립 및 추진, 예산편성(세입,세출)",02-3153-8715
재산세과,재산세1팀,주무관,"○ 재산세 총괄
○ 개인 취득세 재산세 부과징수 (서강동)",02-3153-8717
재산세과,재산세1팀,주무관,"○ 개인 취득세, 재산세 부과·징수(담당동 : 아현·공덕동(555)",02-3153-8713
재산세과,재산세1팀,주무관,"○ 개인 취득세, 재산세 부과·징수(담당동 : 염리동)",02-3153-8728
재산세과,재산세1팀,주무관,"○ 개인 취득세, 재산세 부과·징수(담당동 : 합정,성산1)",02-3153-8712
재산세과,재산세1팀,주무관,"○ 개인 취득세, 재산세 부과·징수(담당동 : 성산2동)",02-3153-8714
재산세과,재산세1팀,주무관,"○ 개인 취득세, 재산세 부과징수(망원1,2동)
○ 재산세 비과세 감면 총괄",02-3153-8718
재산세과,재산세1팀,주무관,"○ 개인 취득세, 재산세 부과·징수(담당동 : 용강동)",02-3153-8716
지방소득세과,지방소득세1팀,지방소득세과장,○ 지방소득세과 업무 총괄,02-3153-8770
지방소득세과,지방소득세1팀,지방소득세1팀장,○ 지방소득세1팀 업무 총괄,02-3153-6371
지방소득세과,지방소득세1팀,주무관(6급),"○ 지방소득세 부과징수(합정동, 연남동, 염리동)",02-3153-6375
지방소득세과,지방소득세1팀,주무관(6급),○ 지방소득세 부과징수 (망원동),02-3153-6373
지방소득세과,지방소득세1팀,주무관,"○ 주요업무계획 수립 및 추진, 예산편성(세입,세출)",02-3153-6377
지방소득세과,지방소득세1팀,주무관,"○ 지방소득세 부과징수(아현동, 도화동)",02-3153-6374
지방소득세과,지방소득세1팀,주무관,"○ 지방소득세 부과징수(공덕동,신수동)",02-3153-6372
깨끗한마포과,청소행정팀,깨끗한마포과장,,02-3153-9220
깨끗한마포과,청소행정팀,청소행정팀장,○ 청소행정팀 업무 총괄,02-3153-9201
깨끗한마포과,청소행정팀,주무관,○ 청소차고지 총괄(차고장),02-3153-9235
깨끗한마포과,청소행정팀,주무관,○ 청소차량 운전,02-3153-9237
깨끗한마포과,청소행정팀,주무관,○ 청소차량 운전,02-3153-9237
깨끗한마포과,청소행정팀,주무관,"○ 폐기물감량 종합계획 총괄 및 추진
○ 생활폐기물 수집운반 대행업체 업무 총괄
○ 권역별 폐기물 수집운반 매뉴얼 관리
○ 폐기물 수집·운반 통계 관리
○ 공공처리시설 처리비(반입수수료) 지급
○ 생활폐기물 수집운반업 인허가
○ 생활폐기물 수집운반 관련 민원 처리
○생활폐기물 수집운반 대행 효율화 등 추진",02-3153-9203
깨끗한마포과,청소행정팀,주무관,"○ 국ㆍ과 서무 업무
○ 기타 타직원의 업무분장에 속하지 않는 업무
○ 직원 급여 및 복무관리(초과, 출장)
○ 주요업무, 지시사항, 구의회 및 업무보고
○ 예산 및 결산업무 및 각종 회의자료 제출
○ 부서 회계처리",02-3153-9202
깨끗한마포과,청소행정팀,주무관,○ 청소차량 운전,02-3153-9237
깨끗한마포과,청소행정팀,주무관,○ 청소차량 운전,02-3153-9237
깨끗한마포과,청소행정팀,주무관,"○ ○ 환경공무관 급여(산재포함), 수당 관련 업무
○ ○ 환경공무관 후생 복지(국·내외 산업시찰, 후원 등) 관련 업무
○ ○ 환경공무관 청소 관련 물품 구매？관리
○ ○ 환경공무관 통상임금 관련 소송 수행
○ ○ 환경공무관 휴게시설 관리 등",02-3153-9204
깨끗한마포과,청소행정팀,주무관,"○ 주요 도로청소(노면, 분진, 살수, 미세먼지) 관련 업무
○ 계절별 청소대책 추진 및 주요행사 폐기물 처리
○ 폐합성수지류, 반입불가폐기물 처리 업무
○ 환경공무관 대상 산업안전보건법 관련 업무
○ 청소차량 운전원 및 환경공무관 복무관리 총괄
○ 재난 및 재해 폐기물 관련 업무",02-3153-9205
깨끗한마포과,청소행정팀,주무관,○ 청소차고지 경비업무,02-3153-9237
깨끗한마포과,청소행정팀,주무관,○ 청소차량 운전,02-3153-9237
깨끗한마포과,청소행정팀,주무관,○ 청소차량 운전,02-3153-9237
깨끗한마포과,청소행정팀,주무관,"○ 청소행정 “환경순찰”
○ 처리 환경공무관 복무관리 및 현장 작업지시
○ 저장강박(의심)가구 폐기물 처리
○ 청소행정 관련 “120현장민원”",02-3153-9209
깨끗한마포과,청소행정팀,주무관,○ 청소차량 운전,02-3153-9237
깨끗한마포과,청소행정팀,주무관,○ 청소차량 운전,02-3153-9237
깨끗한마포과,청소행정팀,주무관,○ 청소차량 운전,02-3153-9237
깨끗한마포과,청소행정팀,주무관,○ 청소차량 운전,02-3153-9237
깨끗한마포과,청소행정팀,주무관,"○ ○ 생활계 유해폐기물 처리 업무 및 민원처리
○ ○ 폐목재, 공사장생활폐기물 등 처리 업무
○ ○ 부서 일반서무(물품, 복무, 교육 등)
○ ○ 기타 청소행정팀 타 직원에 분장되지 않은 업무",02-3153-9206
깨끗한마포과,청소행정팀,주무관,○ 청소차량 운전,02-3153-9237
깨끗한마포과,청소행정팀,주무관,○ 청소차량 운전,02-3153-9237
깨끗한마포과,청소행정팀,주무관,○ 청소차량 운전,02-3153-9237
깨끗한마포과,청소행정팀,주무관,○ 청소차량 운전,02-3153-9237
깨끗한마포과,청소행정팀,주무관,○ 청소차량 운전,02-3153-9237
깨끗한마포과,청소행정팀,주무관,○ 청소차량 운전,02-3153-9237
자원순환과,자원순환팀,자원순환과장,○ 자원순환과장,02-3153-8380
자원순환과,자원순환팀,자원순환팀장,○ 자원순환팀 업무 전반에 관한 사항,02-3153-9241
자원순환과,자원순환팀,주무관,"○ 순환경제사회 전환 집행계획 수립·추진
○ 팀 업무자료 작성 및 타 직원에 속하지 않는 업무
○ 폐기물 감량에 관한 조례 시행규칙 제·개정 업무
○ 소각제로가게 장소 선정
○ 소각제로가게 설치 업무",02-3153-9242
자원순환과,자원순환팀,주무관,"○ 자원회수시설기금에 관련한 사항
○ 투명페트병 별도 분리배출 민관 협업 추진
○ 투명페트병 분리배출함 설치·운영 추진
○ 소각장 설치 반대 관련 업무
○ 폐비닐 및 투명페트병 별도 분리배출 요일제 추진",02-3153-9243
자원순환과,자원순환팀,주무관,"○ 과서무 업무
○ 의류수거함 설치·운영 및 민원 처리
○ 소각제로가게 홍보 및 운영물품 구매
○ 주요업무, 지시사항, 구의회 및 업무보고
○ 예산·결산업무 및 각종 회의자료 제출",02-3153-9244
자원순환과,자원순환팀,주무관,"○ 소각제로가게 운영
○ 자원순환보증금 관련 업무
○ 자원순환체험 프로그램 운영",02-3153-9245
맑은환경과,환경정책팀,맑은환경과장,,02-3153-9260
맑은환경과,환경정책팀,환경정책팀장,"○ 환경정책팀 업무 총괄
○ 환경정책에 관한 전반적인 사항",02-3153-9251
맑은환경과,환경정책팀,환경정책팀장,,
맑은환경과,환경정책팀,주무관,"○ 탄소중립·녹색성장 기본계획 추진
○ 기후위기 적응대책 수립 및 추진
○ 공공부문 온실가스에너지 목표관리제
○ 지역 온실가스 통계 자료 작성
○ 녹색제품 구매 관련 업무",02-3153-9252
맑은환경과,환경정책팀,주무관,"○ 감사, 인사, 기획, 복무, 의회 등 과 서무 업무
○ 환경 분야 행정서비스헌장에 관한 업무
○ 환경교육(환경인형극 공연)
○ 충무계획 수립 및 비축물자 관리
○ 환경위원회 및 환경상 관련 업무
○ 각종 업무보고
○ 예산 및 결산에 관한 업무",02-3153-9256
맑은환경과,환경정책팀,주무관,"○ 환경계획 수립
○ 마포 환경학교 운영
○ 마포 풀빛캠핑
○ 환경지킴이 실천교육(초등)
○ 지역환경교육센터 운영 관리
○ 학교생태 탐구교실(초등)
○ 마포 풀빛배움터
○환경교육 및 홍보",02-3153-9253
맑은환경과,환경정책팀,주무관,"○ 환경개선부담금(시설물·자동차) 업무
○ 환경개선부담금 압류(해제) 및 교부 청구 등
○ 세외수입 업무 총괄
○ 환경지킴이 실천교육(유아)
○ 환경개선부담금 부과ㆍ징수 및 체납 관련 사항",02-3153-9255
맑은환경과,환경정책팀,주무관,"○ 환경개선부담금(시설물·자동차) 업무
○ 환경개선부담금 부과ㆍ징수 및 체납 관련 사항
○ 환경개선부담금 압류(해제) 및 교부 청구 등
○ 일반서무(문서접수 및 배부)
○ 환경정보공개업무",02-3153-9257
공원녹지과,공원팀,공원녹지과장,○ 공원녹지과 업무 총괄,02-3153-9560
공원녹지과,공원팀,공원팀장,"○ 공원팀업무 총괄
○ 각종 공사현장 점검 및 지도감독",02-3153-9551
공원녹지과,공원팀,6급,"○ 도시공원 내 전기공사 및 전기시설 유지관리 총괄
○ 공원 CCTV, 전기？설비 공사감독 및 유지관리",02-3153-9572
공원녹지과,공원팀,주무관,"○ 시ㆍ자치구 공동협력사업에 관한 사항(총괄)
○ 홍익문화공원 이용활성화 사업
○ 선형의 숲 조성 및 유지관리",02-3153-9553
공원녹지과,공원팀,주무관,,
공원녹지과,공원팀,주무관,"○ 구 근린공원·조성 및 유지관리
○ 쌍룡산근린공원 실내놀이터 조성
○ 난지테마관광숲길 유지관리
○ 독막소공원 정비공사",02-3153-9557
공원녹지과,공원팀,주무관,"○ 공원관리 및 순찰, 기동반 운영
○ 공원 공무직, 기간제근로자 등 현장작업지도 및 관리",02-3153-9573
공원녹지과,공원팀,주무관,"○ 어린이공원 조성 및 유지관리
○ 공원녹지 주요현황 데이터 관리
○ 중대재해 업무(총괄)
○ 공무직 관리(총괄)",02-3153-9554
공원녹지과,공원팀,주무관,"○ 문화공원, 소공원, 역사공원, 묘지공원 조성 및 유지관리
○ 공원팀 기간제근로자 인건비 지급",02-3153-9555
주택상생과,공동주택지원팀,주택상생과장,○ 주택상생과 업무 총괄,02-3153-9310
주택상생과,공동주택지원팀,공동주택지원팀장,○ 공동주택지원팀 업무 총괄,02-3153-9301
주택상생과,공동주택지원팀,주무관(6급),"○ 공동주택 안전점검(해빙기, 우기, 동절기 등) 및 재난배상책임보험
○ 집중안전점검, 소규모공동주택 안전점검, 제1·2·3종 시설물 안전점검
○ 지하연계건축물 실태점검, 급경사지 안전점검, 승강기 업무
○ 철거민 국민주택 특별공급 신청·접수 및 관련 업무(소송포함)
○ ※ 재난 및 안전관리 가산점 직위
○ 공동주택(주상복합 포함) 어린이놀이시설 관리 업무
○ 공유재산 관리·세외수입 총괄",02-3153-9305
주택상생과,공동주택지원팀,주무관,"○ 국 서무에 관한 사항,인사,기획,예산,결산
○ 국 소속 직원 근무성적평정에 관한 사항
○ 주요 업무계획, 구의회 업무보고 등 총괄
○ 도시관리국 내 타부서 및 부서 내 타직원에 분장되지 아니한 사항
○ 간부회의 및 각종 회의자료 작성",02-3153-9302
주택상생과,공동주택지원팀,주무관,"○ 공동주택(주상복합 포함) 관리감독에 관한 사항, 공동주택 관리실태 감사 총괄<아현, 도화, 용강, 대흥>
○ 공동주택 관리규약 및 입주자대표회의 구성신고 관련 업무<아현, 도화, 용강, 대흥>",02-3153-9307
주택상생과,공동주택지원팀,주무관,"○ 공동주택(주상복합 포함) 관리감독에 관한 사항, 공동주택 관리실태 감사<성산1,성산2,상암,염리,신수,서강,서교,합정>
○ 공동주택 지원사업 전반적인 업무
○ 동별 대표자 운영·윤리 교육
○ 공동주택 통합정보마당 관리 및 분쟁조정위원회 운영
○ 공동주택 관리규약 및 입주자대표회의 구성신고 관련 업무<성산1,성산2,상암,염리,신수,서강,서교,합정>",02-3153-9306
주택상생과,공동주택지원팀,주무관,"○ 부서 회계, 복무, 문서 접수 및 등록(발송)
○ 성과관리사업, 특수시책사업, 희망근로, 공공근로사업
○ 주택관리사·주택관리업 등록·변경·말소 및 행정처분
○ 주택건설(대지조성)사업자 관리 및 행정처분
○ 보안, 기록물관리, 충무계획, 물품 관련 업무",02-3153-9303
주택상생과,공동주택지원팀,주무관,"○ 공동주택(주상복합 포함)관리감독에 관한 사항, 공동주택 관리실태 감사<공덕,연남,망원1,망원2>
○ 공동주택 기계설비 유지관리 및 성능점검 등 관련 업무
○ 공동주택 관련 정보공개 및 기타 통계 업무
○ 공동주택 관리 전문가 자문단 운영 및 우수관리단지 선정
○ 공동주택 관리규약 및 입주자대표회의 구성신고 관련 업무<공덕,연남,망원1,망원2>
○ 공동주택(주상복합 포함) 미술작품 관리 업무",02-3153-9313
도시계획과,도시계획팀,도시계획과장,○ 도시계획과 업무 총괄,02-3153-9360
도시계획과,도시계획팀,도시계획팀장,"○ 도시계획팀 업무(도시관리계획, 서무) 총괄
○ 주요 개발사업 업무 총괄(경의선 복합역사 개발, 역세권활성화 사업 등)
○ 생활권계획 업무 총괄
○ 상암택지 현안사업 총괄
○ 기타 팀 관련업무 총괄
○ 구 도시계획위원회 운영 총괄
○ 서울복합화력발전소 업무 총괄",02-3153-9351
도시계획과,도시계획팀,주무관,"○ 주요업무계획 수립 총괄,각종 회의자료, 구의회 업무, 국.과장 성과관리 업무,예산ㆍ결산 등에 회계에 관한 업무,구 도시계획위원회 운영 지원,보안, 기록물관리, 충무계획",02-3153-9352
도시계획과,도시계획팀,주무관,"○ 서울복합화력발전소 관련 업무,경의선 복합역사 개발 업무",02-3153-9353
도시계획과,도시계획팀,주무관,"○ 구 도시계획위원회 운영(개최 및 심의) 업무
○ 상암택지 현안사업 추진(롯데몰, 랜드마크, 교육첨단부지)
○ 도시관리계획 업무(서강대학교, 홍익대학교)
○ 도시관리계획 업무(합정, 서교, 연남, 성산, 망원, 상암, 서강)
○ 개발행위 업무
○ 생활권계획 관련 업무",02-3153-9354
도시계획과,도시계획팀,주무관,"○ 역세권활성화 사업 관련 업무
○
○ 부서내 문서 접수 및 배부
○ 공공기여시설 통합관리 업무
○ 팀 통계자료 및 현황 관리업무(UPIS 업무 등)
○ 체비지 관리업무
○ 도시관리계획 업무(공덕, 도화, 아현, 염리, 용강, 대흥, 신수)
○도시계획시설 총괄관리 및 장기미집행 관리
○ 개발행위 업무(태양광, 공작물 설치)",02-3153-9357
건축지원과,건축계획팀,건축지원과장,○ 건축지원과 업무 총괄,02-3153-9410
건축지원과,건축계획팀,건축계획팀장,○ 건축계획팀 업무 총괄,02-3153-9401
건축지원과,건축계획팀,주무관,"○ 과 서무업무(각종 회의자료, 지시사항), 예산회계/물품관리/기록물 관리업무, 의회(구,시,국회) 관련 업무
○ 충무계획(건물동원), 사회복무요원 관리(총괄), 특별검사원 업무대행 수수료지급",02-3153-9402
건축지원과,건축계획팀,주무관,"○ 건축 인ㆍ허가 업무[상수동, 서교동_양화로 남측(북측_영진시장 포함)]
○ 주요업무계획수립
○ 건축위원회 운영 관리
○ 질의회신 및 예규관리
○ 구의회,감사,검경 요구자료 관련 업무",02-3153-9403
건축지원과,건축계획팀,주무관,"○ 건축 인ㆍ허가 업무 (동교동)
○ 자치구간 교차점검 업무 총괄
○ 중대형 건축물 관리 총괄",02-3153-9405
건축지원과,건축계획팀,주무관,"○ 건축물대장 신규, 전환, 변경사항정리 및 제신고 처리 (외 4건)
○ 일반서무업무(초과, 출장, 문서접수 및 배부)",02-3153-9406
건축지원과,건축계획팀,주무관,"○ 건축사 관리
○ 건축인ㆍ허가 업무 (신수동)
○ 건축소위원회 운영관리, 전문위원회 운영 관리
○ 집합건물관리 및 공동주택지원사업 총괄
○ 건축계획팀 부수업무(성과, 창의, 혁신, 청렴도 등)",02-3153-9404
건축지원과,건축계획팀,주무관,"○ 건축인ㆍ허가 업무(서교동_양화로 북측)
○ 건축위원회 업무 보조(건축위원회 수당 지급 등)",02-3153-9407
건축지원과,건축계획팀,주무관,"○ 건축물대장 신규, 전환, 변경사항정리 및 제신고 처리 , 건축물대장 소유권 정리",02-3153-9408
부동산정보과,부동산행정팀,부동산정보과장,○ 부동산정보과 업무 총괄,02-3153-9510
부동산정보과,부동산행정팀,부동산행정팀장,○ 부동산행정팀 업무 총괄,02-3153-9501
부동산정보과,부동산행정팀,주무관,"○ 과 창의행정 발굴 및 특수사업 추진
○ 공인중개사 연수교육 추진
○ 부동산중개업소 지도·점검
○ 안심 임대차 종합상담센터 운영",02-3153-9504
부동산정보과,부동산행정팀,주무관,"○ 과서무업무
○ 지시사항 수행 및 직원교육
○ 전략적 성과관리 운영
○ 주요업무보고 및 구의회 업무보고 작성
○ 비밀문서 및 보안업무
○ 예산·회계·구의회 업무",02-3153-9502
부동산정보과,부동산행정팀,주무관,"○ 부동산중개업소 지도ㆍ점검
○ 공인중개사 연수교육 관리
○ 부동산중개업소 자율점검제 운영
○ 안심 임대차 종합상담센터 운영(부)",02-3153-9503
부동산정보과,부동산행정팀,주무관,"○ 공인중개사 연수교육 관리
○ 전세피해 지원센터 운영
○ 모범·글로벌·모니터링 중개업소 관리
○ 부동산중개업소 자율점검제 운영
○ 부동산중개업소 지도점검",02-3153-9507
부동산정보과,부동산행정팀,주무관,"○ 부동산중개업 즉시민원(고용ㆍ해고ㆍ폐업 등) 처리
○ 문서 접수 및 발송
○ 부동산중개업 손해배상책임보증 신고 처리",
부동산정보과,부동산행정팀,주무관,"○ 부동산중개업 개설, 이전 신청
○ 부동산중개업 즉시민원(고용, 해고, 폐업 등)
○ 부동산중개업 손해배상책임보증 신고 처리
○ 부동산중개업 종사자 등록사항 일제정비",02-3153-9505
교통행정과,교통관리팀,교통행정과장,,02-3153-9610
교통행정과,교통관리팀,교통관리팀장,○ 교통관리팀 업무 총괄,02-3153-9601
교통행정과,교통관리팀,주무관,,
교통행정과,교통관리팀,주무관,"○ 주요업무계획, 구의회 업무보고 등 총괄
○ 예산편성, 결산업무, 지출(업무추진비)업무
○ 국소속 직원 근무성적평정에 관한 사항
○ 각종 회의자료 작성, 보고에 관한 사항
○ 국·과 서무(총무, 인사, 감사, 후생복지, 복무관리)
○ 국내 타부서 및 과내 타 직원에 분장되지 않은 사항
○ 지시사항(구청장, 부구청장) 관리",02-3153-9602
교통행정과,교통관리팀,주무관,"○ 여객자동차 관련 업무(마을버스포함)
○ 승용차 마일리지 업무
○ 우대용 교통카드 발급 관련 전반
○ 마을버스 정류소 온열의자 관련 업무
○ 팀내 분장되지 않은 현안사항
○ 사회복무요원 및 공용차량 관리",02-3153-9605
교통행정과,교통관리팀,주무관,"○ 교통유발부담금 부과대상 시설물 조사업무
○ 교통유발부담금 부과 및 징수
○ 무보험운행 특별사법경찰 업무",02-3153-9608
교통행정과,교통관리팀,주무관,"○ 사업용 화물자동차 인허가
○ 화물차, 택시 유가보조금 지급에 관한 사항
○ 물류시설재난 및 육상화물운송마비 현장조치 매뉴얼 관리
○ 화물운송실적시스템(FPIS) 신고관리 및 행정처분
○ 택시 인허가",02-3153-9603
교통행정과,교통관리팀,주무관,"○ 보안, 물품, 기록물 및 팀매식비 관리
○ 충무계획 및 동원자원 관리
○ 회계(e호조)에 관한 사항
○ 광역교통시설부담금 부과 징수",02-3153-9604
주차관리과,주차단속팀,주차관리과장,○ 주차관리과 업무 총괄,02-3153-9660
주차관리과,주차단속팀,주무관,"○ ○ CCTV 단속자료 대사, 확정(1차)
○ ○ 사회복무요원 관리
○ ○ 주차단속차량 정비 및 유류관리",02-3153-9654
주차관리과,주차단속팀,주무관,"○ 주차단속 종합계획 수립 및 추진
○ 시간선택제임기제 임용
○ 견인보관소 및 견인업체 관리(전동킥보드)
○ 시간선택임기제 임용
○ 구민에게 듣겠습니다 민원처리
○ 특별 순찰계획 수립(어린이보호구역, 관광버스 등)
○ 주차단속 총괄(구？동)",02-3153-9653
주차관리과,주차단속팀,주무관,"○ 시간제임기제직원 단속자료 입력 및 전송관리
○ 응답소 일반민원 지정 및 처리
○ 시간제임기제직원 관리(교육) 및 근무평가 등 총괄
○ 주정차관련 민원현장 확인처리
○ 야간 주차민원 총괄(현장확인 포함)",02-3153-9658
주차관리과,주차단속팀,주무관,"○ ○ 주차장특별회계 조례관련 업무
○ ○ 과 서무, 인사(복무), 비밀문서 및 보안업무
○ ○ 부서 물품관리, 수방 및 제설관련 업무
○ ○ 각종 지시사항 및 직원교육 관련, 타부서 협조사항 등
○ ○ 예산 편성 및 결산, 회계 업무
○ ○ 구의회 및 업무보고에 관한 사항
○ ○ 각종 제수당 지급(여비, 초과근무수당, 포상금 등)
○○ 기타 다른 팀에 속하지 않는 업무",02-3153-9652
주차관리과,주차단속팀,주무관,"○ ○ CCTV 단속자료 대사, 확정(2차)
○ ○ 렌터카 정정부과",02-3153-9657
주차관리과,주차단속팀,주무관,"○ ○ 교통법규위반 시민신고제 업무
○ ○ 통합플랫폼 및 안전신문고 민원처리",02-3153-9669
주차관리과,주차단속팀,주무관,"○ ○ 무인단속장비 구매 및 관리
○ ○ CCTV 관련 민원처리
○ ○ CCTV 주？정차단속 문자알림 서비스 관련업무
○ ○ 급여 등(복리후생비, 건강·고용보험료 등) 지급
○ ○ 문서 접수·발송
○ ○ 단속장비(PDA)물품구매 및 관리",02-3153-9655
주차관리과,주차단속팀,주무관,"○ ○ 불법주정차 의견진술 심의위원회 운영
○ ○ 의견진술서 타 기관분 이첩 관리
○ ○ 의견진술서 접수 및 검토",02-3153-9659
주차관리과,주차단속팀,주무관,"○ 각종 제수당 지급(여비, 초과근무수당, 포상금 등)
○ 기록물 관리
○ 단속장비(PDA)물품구매 및 관리",02-3153-9675
주차관리과,주차단속팀,주무관,"○ ○ 질서위반행위규제법 과태료 사전통지업무
○ ○ 단속차량 차적조회·사회적 약자 과태료 감경등록업무
○ ○ 사회단체 관련업무(보조금 지급 및 봉사활동 지원 등)
○ ○ 주차단속차량 구매 관련업무
○ ○ 특근매식비(단속팀 및 휴일근무자)지급
○ ○ 주차단속자료(도보조) 대사, 확정",02-3153-9693
주차관리과,주차단속팀,주무관,"○ 교통법규위반 시민신고제 업무 지원
○ 주차단속 전화민원 및 내방민원상담",02-3153-9667
주차관리과,주차단속팀,주무관,○ 주차단속,02-3153-9656
주차관리과,주차단속팀,주무관,"○ ○ 응답소 현장민원 처리
○ ○ 통합플랫폼 민원처리 입력 및 분배
○ ○ 불법주정차 통합플랫폼시스템 총괄",02-3153-9668
보행행정과,보행행정팀,보행행정과장,,
보행행정과,보행행정팀,보행행정팀장,,
보행행정과,보행행정팀,주무관,"○ 공중선 정비 및 지중화사업 추진
○ 공공용지 점용허가(한전,통신사,수도,가스,난방)
○ 도로무단점유 밀집지역 등 측량 및 행정처분
○ 공공용지 소송업무
○ 지장전주 관련 민원처리",02-3153-9704
보행행정과,보행행정팀,주무관,"○ 공공용지 점용허가(지상, 지하)
○ 상암동 DMS 사용승인 업무
○ 행정재산 관련 민원처리 및 행정처분(변상금 부과 등)",02-3153-9708
보행행정과,보행행정팀,주무관,"○ 과 서무(예산,회계, 물품 등) 및 인사(복무)업무
○ 회의자료(구의회 및 업무보고 포함) 관련 업무
○ 기타 다른 팀 내에 분장되지 않은 업무
○ 각종 지시사항 및 직원교육관련 업무
○ 자치법규 제·개정 및 기록물 관리(보안·비밀문서 등)",02-3153-9702
보행행정과,보행행정팀,주무관,"○ 행정재산 실태조사 및 정비계획 총괄
○ 행정재산 실태조사에 따른 행정처분(변상금 부과 등)
○ 공공용지 점용허가(연결통로)
○ 행정재산 용도폐지
○ 숨은 구유지(도로, 구거 등) 찾기
○ 행정재산 관리에 따른 소송업무",02-3153-9703
보행행정과,보행행정팀,주무관,"○ 정기분 변상금 부과 및 그에 따른 민원처리
○ 도로점용관리시스템 변상금 부과 내역 정비
○ 도로점용허가 기간연장 미신청분 정비(2022년 이전분)",02-3153-9706
보행행정과,보행행정팀,주무관,"○ 차량 진출·입로 허가업무
○ 차량 진출·입로 관리에 따른 행정처분(변상금 부과 등)
○ 차량 진출·입로 관리에 따른 소송업무",02-3153-9707
보행행정과,보행행정팀,주무관,"○ 사설안내표지 허가
○ 정기분 도로점용료 부과 징수
○ 세외수입 총괄",02-3153-9705
도로개선과,도로계획팀,도로계획팀장,○ 도로계획팀 업무 총괄,02-3153-9751
도로개선과,도로계획팀,주무관,○ 과 서무 업무,02-3153-9753
도로개선과,도로계획팀,주무관,○ 도시계획사업 및 건설공사 설계기준,02-3153-9752
도로개선과,도로계획팀,주무관,"○ 장기미집행 도시계획사업
○ 비관리청 업무협의(상암,망원,성산,연남,서교,합정)",02-3153-9754
도로개선과,도로계획팀,주무관,"○ 도시계획사업 및 하자관리 업무
○ 비관리청 업무협의(대흥,염리,아현,공덕,서강,신수,용강,도화)",02-3153-9755
도로개선과,도로계획팀,주무관,○ 도시계획사업 업무(보조),02-3153-9756
물관리과,하수팀,물관리과장,○ 물관리과 업무 총괄,02-3153-9810
물관리과,하수팀,하수팀장,○ 하수팀 업무 총괄,02-3153-9801
물관리과,하수팀,주무관,"○ 관내 하수시설물 및 도로시설물 유지관리
○ 순찰 차량 정비 및 점검(92도9251)",02-3153-9828
물관리과,하수팀,주무관,"○ 일반예산 편성 및 관리, 구의회 일반업무 및 주요 업무계획 수립, 국과장 성과관리 업무, 직원교육 및 물품관리, 사회복무요원관리",02-3153-9802
물관리과,하수팀,주무관,"○ 월드컵천 경관폭포 조성사업 총괄
○ 시예산 배정 및 편성 운영
○ 치수분야 감사업무 총괄
○ 사업예산(시,구) 관리운영
○ 시설공사(용역) 설계 및 공사감독",02-3153-9803
물관리과,하수팀,주무관,"○ 관내 하수시설물 및 도로시설물 유지관리
○ 순찰 차량 정비 및 점검(92도9281)",02-3153-9828
물관리과,하수팀,주무관,"○ 하수도원인자부담금 관련 업무 총괄
○ 담당동(상암, 합정)
○ 서울시 공기업특별회계(LOBAS) 담당 업무
○ 시설공사 하자검사(정기, 수시) 및 보수 총괄
○ 사유지통과 하수관로 이설 및 관리업무
○ 하수악취 관련 업무 총괄
○ 시설공사(용역) 설계 및 공사감독",02-3153-9805
물관리과,하수팀,주무관,"○ 하수도 통계, GIS(하수관망포함) 업무 총괄
○ 중대재해 예방 업무 총괄
○ 각종 공사대장 및 물품검수대장 정리 및 관리
○ 시설공사(용역) 설계 및 공사감독
○ 담당동(망원1, 망원2동)
○ 불량맨홀 유지관리 업무",02-3153-9804
물관리과,하수팀,주무관,"○ 공무직 운영 및 관리(기동반)
○ 담당동(도화, 서강, 신수)
○ 하수악취 관련 업무 총괄
○ 공무직 하수시설물 유지관리 및 자재구매, 대장관리
○ 유수장애 시설물 이설업무 총괄
○ 분야별 가뭄상황 점검 및 대응
○ 지하안전법(하수시설물) 안전점검 및 관리",02-3153-9806
보건행정과,보건기획팀,보건행정과장,,02-3153-9030
보건행정과,보건기획팀,의사,"○ 결핵 및 검진
○ HIV 신속검사",02-3153-9175
보건행정과,보건기획팀,의사,"○ 1차 진료
○ 금연클리닉 운영 시 진료에 관한 사항
○ 골밀도 검사",02-3153-9174
보건행정과,보건기획팀,의사,"○ 대사증후군
○ 모바일헬스케어사업(상담, 대상자 승인 등)
○ 햇빛센터(예방접종, 임산부 등록·관리) 업무
○ 시민건강관리프로세스(상담 등)
○ 보건지소 업무",02-3153-9113
보건행정과,보건기획팀,치과의사,○ 구강보건센터 진료,02-3153-9172
보건행정과,보건기획팀,주무관,"○ 제증명 접수 및 발급
○ 각종검사 접수 및 수납",02-3153-9016
보건행정과,보건기획팀,주무관,"○ 보건소 서무 및 인사
○ 주요업무보고, 회의자료 ·수합
○ 지역보건의료심의위원회 운영
○ 지역보건의료계획 수립(종합, 연차별)
○ 일반임기제공무원(진료의사) 근무실적평가
○ 보건소 예산·결산·회계 및 성과관리",02-3153-9022
보건행정과,보건기획팀,주무관,"○ 차량운행 및 지원
○ 보건소 청사 순찰
○ 보건소 차량 보험 및 구급차 점검·관리
○ 보건소 우편물 업무",02-3153-9024
보건행정과,보건기획팀,주무관,"○ 보건소 수가 조례, 요양·의료급여청구 및 이의신청
○ 제증명 접수 및 발급
○ 각종검사 접수, 처방전 교부 및 수납",02-3153-9011
보건행정과,보건기획팀,주무관,"○ 부서 차량 점검 및 유류수불 등 관리(방역차량 제외)
○ 차량운행 및 지원에 관한 업무
○ 감염병 검체 이송",02-3153-9029
보건행정과,보건기획팀,주무관,"○ 일반서무(임금·수당),부서회계·일상경비 지출 및 관리,지역보건의료정보시스템 관리,충무계획·비밀문서 관리",02-3153-9025
보건행정과,보건기획팀,주무관,"○ 지역사회건강조사에 관한 업무
○ 보건소 안전보건에 관한 업무
○ 의료지원 민간용역
○ 보건소 민원실 필요 시 지원근무
○ 보건소 민원실 안내 일자리 참여자 등 관리",02-3153-9023
보건행정과,보건기획팀,주무관,"○ 제증명 접수 및 발급
○ 일일 결산 및 징수 조정 결의
○ 각종검사 접수 및 수납",02-3153-9012
보건행정과,보건기획팀,주무관,"○ 마포보건소식지 발간
○ 보건소 민원안내 리플릿 제작 및 업무매뉴얼
○ 보건기획팀 특근매식비 지급ㆍ관리 업무
○ 민원실 수입금 일일결산 및 징수조정 결의
○ 문서 접수 및 배부",02-3153-9028
보건행정과,보건기획팀,주무관,"○ 보건소장실 근무
○ 일정표 작성 등",02-3153-9002
위생과,식품행정팀,위생과장,,02-3153-9190
위생과,식품행정팀,식품행정팀장,"○ 식품행정팀 업무 총괄
○ 식품접객업소 지도.접검 단속계획 수립
○ 주요사업계획 수립",02-3153-9081
위생과,식품행정팀,주무관,"○ 위생관리 종합계획수립 및 평가 총괄(코로나포팜)
○ 소비자식품위생감시원 관리
○ 모범음식점, 관광식당, 안심식당 지정 및 사후관리
○ 위생등급 지정 등 음식문화개선사업 총괄
○ 식품접객업소 옥외조례 관련 사항
○ 당류,채식,나트륨저감사업 및 신규업소위생지도서비스",02-3153-9083
위생과,식품행정팀,주무관,"○ 식품진흥기금운용 및 심의위원회 운영
○ 주요업무보고자료 작성
○ 예산회계 전반에 관한 사항
○ 서무업무(인사,복무,봉급 및 수당,비밀 및 보안업무, 물품관리 등)",02-3153-9082
위생과,식품행정팀,주무관,"○ 식중독예방 관리 총괄
○ 소비자식품위생감시원 관리
○ 1830 손씻기 운동(뷰 박스 대여 등)
○ 집단(위탁포함)급식소 지도단속 및 점검
○ 민관합동 교차점검(주간, 식품접객업) 총괄",02-3153-9086
위생과,식품행정팀,주무관,"○ 식품접객업소 지도점검(식품자동판매기 포함)
○ 식품접객업소 위생 및 원산지 지도서비스
○ 식품접객업소 한우 수거 및 유전자검사
○ 민관합동 교차점검(주간, 식품접객업)담당
○ 음식점 원산지표시제 지도점검 총괄",02-3153-9185
위생과,식품행정팀,주무관,"○ 행정처분(심판.소송 포함)
○ 개식용 관련 업무
○ 식품접객업소 직권말소(식품행정팀 소관)
○ 식품접객업소 및 집단급식소 위생교육 관리
○ 시설조사 및 직권말소 총괄",02-3153-9085
위생과,식품행정팀,주무관,"○ 식품접객업 민원접수 처리, 민원24 접수 및 처리
○ 재난취약시설 의무보험 관련 업무
○ 옥외영업
○ 식품접객원 민원처리 결과 유관부서 통보",02-3153-9014
위생과,식품행정팀,주무관,"○ 식품접객업 민원접수 처리, 민원24 접수 및 처리
○ 일일결산
○ 옥외영업, 직권말소 및 시설조사 수합
○ 식품접객업 민원처리 결과 유관부서 통보",02-3153-9013
건강동행과,햇빛센터모자보건팀,건강동행과장,○ 건강동행과 총괄,02-3153-9060
건강동행과,햇빛센터모자보건팀,햇빛센터모자보건팀장,○ 햇빛센터모자보건팀 총괄,02-3153-9071
건강동행과,햇빛센터모자보건팀,주무관,○ 과서무,02-3153-9052
건강동행과,햇빛센터모자보건팀,주무관,"○ 햇빛센터 실무운영관리
○ 임산부 등록 및 건강관리서비스
○ 임신 사전건강관리 지원
○ 유축기 대여",02-3153-9090
건강동행과,햇빛센터모자보건팀,주무관,"○ 난임 의료비 지원
○ 청소년 산모 임신출산 의료비 지원",02-3153-9088
건강동행과,햇빛센터모자보건팀,주무관,"○ 공약사업
○ 산후조리원 전반에 관한 사항
○ 저출산 대응계획",02-3153-9072
건강동행과,햇빛센터모자보건팀,주무관,"○ 산모신생아 건강관리 지원사업
○ 산후조리경비 지원
○ 영유아 선천성 난청 및 보청기 지원
○ 저소득층 기저귀 조제분유 지원
○ 미숙아 및 선천성이상아 의료비 지원",02-3153-9144
건강동행과,햇빛센터모자보건팀,주무관,"○ 모자건강교실운영
○ 임산부 교통비 지원사업
○ 사회복무요원 전반에 관한 업무
○ 고위험임산부 의료비 지원
○ 영유아 발달장애 정밀검사비 지원
○ 영유아 의료급여 수급권자 검진비 지원
○ 35세이상 임산부의료비지원",02-3153-9111
건강동행과,햇빛센터모자보건팀,주무관,○ 난임부부 시술비 지원 업무,02-3153-9073
의약과,의무팀,의약과장,"○ 의약과 업무 총괄
○ 지역보건의료기관협의회 교류 협력",02-3153-9130
의약과,의무팀,의무팀장,○ 의무팀 업무 총괄 및 주요업무계획 수립,02-3153-9121
의약과,의무팀,6급,"○ 의료기관 개설허가(신고) 진정민원,행정처분 및 지도점검
○ 의료기관 비상진료대책, 의료분야 위기대응
○ 의료기관 안전관리 총괄",02-3153-9125
의약과,의무팀,주무관,"○ 차량운전 및 차량관리
○ 구강보건교육 및 의료민원 현장지원 업무
○ 응급의료 및 재난관리(보건소 신속대응반)현장지원 업무",02-3153-9126
의약과,의무팀,주무관,"○ 과 서무업무, 예산 및 결산, 봉급 및 수당
○ 일상경비 및 공금계좌 관리업무
○ 주요업무 보고(구,의회)자료 작성, 충무계획 수립
○ 비밀문서 및 보안업무, 성과관리(BSC)계획 업무
○ 각종 민원사항(응답소,상담민원 등) 관리 및 지정",02-3153-9122
의약과,의무팀,주무관,"○ 의료기관 개설 허가(신고), 진정민원, 행정처분 및 지도점검
○ 안마원, 안마시술소 개설허가(신고) 및 관리
○ 치과기공소 개설 허가(신고) 및 관리
○ 의료기관 신고의무자 교육 결과 보고 총괄
○ 안경업소 개설 허가(신고) 및 관리",02-3153-9124
의약과,의무팀,주무관,"○ 보건소 재난의료 업무 총괄(신속대응반 등)
○ 온열, 한랭질환 감시 보고
○ 혈액 및 장기기증 관련 업무
○ 구급차 및 자동심장충격기 신고 관련 업무",02-3153-9123
의약과,의무팀,주무관,"○ 구강보건센터 관리 및 운영
○ 구강사업 예산 및 결산
○ 아동치과주치의 사업
○ 시간선택제 및 기간자근로자 관련 업무
○ 노인불소도포,스켈링 사업",02-3153-9171
의약과,의무팀,주무관,"○ 의료기관 개설 허가(신고), 진정민원, 행정처분 및 지도점검(의원, 치과의원, 한의원)
○ 의료기관 범죄경력 조회 총괄",02-3153-9145
의약과,의무팀,주무관,"○ 서강보건지소 구강교육실 관리 및 운영
○ 생애주기별 구강보건교육
○ 취약계층구강보건사업
○ 보건소 및 보건지소 치과장비관리",02-3153-9177
의약과,의무팀,주무관,"○ 재난의료 대응에 관한 사항
○ 구조 및 응급처치 교육 관련 업무 지원",02-3153-9128
의약과,의무팀,주무관,"○ 구조 및 응급처치 교육 관련 업무
○ 재난의료 관련 업무 지원",02-3153-9129
