부서명,구분,링크주소
보건소,동/기관,https://www.mapo.go.kr/site/health/home
평생학습포털,동/기관,https://www.mapo.go.kr/site/mll/home
문화관광,동/기관,https://www.mapo.go.kr/site/culture/home
마포청년정보,동/기관,https://www.mapo.go.kr/site/youthinfo/home
감사담당관,구청 부서,https://www.mapo.go.kr/site/main/organization/department/departList?depId=3130065
새마포담당관,구청 부서,https://www.mapo.go.kr/site/main/organization/department/departList?depId=3130237
행정지원과,구청 부서,https://www.mapo.go.kr/site/main/organization/department/departList?depId=3130242
자치행정과,구청 부서,https://www.mapo.go.kr/site/main/organization/department/departList?depId=3130243
홍보미디어과,구청 부서,https://www.mapo.go.kr/site/main/organization/department/departList?depId=3130244
구민안전과,구청 부서,https://www.mapo.go.kr/site/main/organization/department/departList?depId=3130245
민원여권과,구청 부서,https://www.mapo.go.kr/site/main/organization/department/departList?depId=3130246
복지정책과,구청 부서,https://www.mapo.go.kr/site/main/organization/department/departList?depId=3130275
실뿌리복지과,구청 부서,https://www.mapo.go.kr/site/main/organization/department/departList?depId=3130285
어르신동행과,구청 부서,https://www.mapo.go.kr/site/main/organization/department/departList?depId=3130249
장애인복지과,구청 부서,https://www.mapo.go.kr/site/main/organization/department/departList?depId=3130286
가족정책과,구청 부서,https://www.mapo.go.kr/site/main/organization/department/departList?depId=3130287
교육청소년과,구청 부서,https://www.mapo.go.kr/site/main/organization/department/departList?depId=3130288
평생학습과,구청 부서,https://www.mapo.go.kr/site/main/organization/department/departList?depId=3130289
보육정책과,구청 부서,https://www.mapo.go.kr/site/main/organization/department/departList?depId=3130290
체육진흥과,구청 부서,https://www.mapo.go.kr/site/main/organization/department/departList?depId=3130291
관광정책과,구청 부서,https://www.mapo.go.kr/site/main/organization/department/departList?depId=3130254
경제진흥과,구청 부서,https://www.mapo.go.kr/site/main/organization/department/departList?depId=3130255
문화예술과,구청 부서,https://www.mapo.go.kr/site/main/organization/department/departList?depId=3130256
고용협력과,구청 부서,https://www.mapo.go.kr/site/main/organization/department/departList?depId=3130278
예산정책과,구청 부서,https://www.mapo.go.kr/site/main/organization/department/departList?depId=3130279
스마트정책과,구청 부서,https://www.mapo.go.kr/site/main/organization/department/departList?depId=3130280
재무과,구청 부서,https://www.mapo.go.kr/site/main/organization/department/departList?depId=3130260
징수과,구청 부서,https://www.mapo.go.kr/site/main/organization/department/departList?depId=3130261
재산세과,구청 부서,https://www.mapo.go.kr/site/main/organization/department/departList?depId=3130262
지방소득세과,구청 부서,https://www.mapo.go.kr/site/main/organization/department/departList?depId=3130272
깨끗한마포과,구청 부서,https://www.mapo.go.kr/site/main/organization/department/departList?depId=3130292
자원순환과,구청 부서,https://www.mapo.go.kr/site/main/organization/department/departList?depId=3130293
맑은환경과,구청 부서,https://www.mapo.go.kr/site/main/organization/department/departList?depId=3130294
공원녹지과,구청 부서,https://www.mapo.go.kr/site/main/organization/department/departList?depId=3130295
주택상생과,구청 부서,https://www.mapo.go.kr/site/main/organization/department/departList?depId=3130297
도시계획과,구청 부서,https://www.mapo.go.kr/site/main/organization/department/departList?depId=3130298
건축지원과,구청 부서,https://www.mapo.go.kr/site/main/organization/department/departList?depId=3130299
부동산정보과,구청 부서,https://www.mapo.go.kr/site/main/organization/department/departList?depId=3130300
교통행정과,구청 부서,https://www.mapo.go.kr/site/main/organization/department/departList?depId=3130192
주차관리과,구청 부서,https://www.mapo.go.kr/site/main/organization/department/departList?depId=3130267
보행행정과,구청 부서,https://www.mapo.go.kr/site/main/organization/department/departList?depId=3130268
도로개선과,구청 부서,https://www.mapo.go.kr/site/main/organization/department/departList?depId=3130269
물관리과,구청 부서,https://www.mapo.go.kr/site/main/organization/department/departList?depId=3130270
보건행정과,구청 부서,https://www.mapo.go.kr/site/main/organization/department/departList?depId=3130150
위생과,구청 부서,https://www.mapo.go.kr/site/main/organization/department/departList?depId=3130151
건강동행과,구청 부서,https://www.mapo.go.kr/site/main/organization/department/departList?depId=3130271
의약과,구청 부서,https://www.mapo.go.kr/site/main/organization/department/departList?depId=3130036
공덕동,동/기관,https://www.mapo.go.kr/site/gongdeok/home
대흥동,동/기관,https://www.mapo.go.kr/site/daeheung/home
서교동,동/기관,https://www.mapo.go.kr/site/seogyo/home
연남동,동/기관,https://www.mapo.go.kr/site/yeonnam/home
아현동,동/기관,https://www.mapo.go.kr/site/ahyeon/home
염리동,동/기관,https://www.mapo.go.kr/site/yeomni/home
합정동,동/기관,https://www.mapo.go.kr/site/hapjeong/home
성산1동,동/기관,https://www.mapo.go.kr/site/seongsan1/home
도화동,동/기관,https://www.mapo.go.kr/site/dohwa/home
신수동,동/기관,https://www.mapo.go.kr/site/sinsu/home
망원1동,동/기관,https://www.mapo.go.kr/site/mangwon1/home
성산2동,동/기관,https://www.mapo.go.kr/site/seongsan2/home
용강동,동/기관,https://www.mapo.go.kr/site/yonggang/home
서강동,동/기관,https://www.mapo.go.kr/site/seogang/home
망원2동,동/기관,https://www.mapo.go.kr/site/mangwon2/home
상암동,동/기관,https://www.mapo.go.kr/site/sangam/home
