req_id,req_title,req_p,req_date,req_content,resp_dept,resp_date,resp_writer,resp_content,page_num
205129,비 보호 좌회전 신호 변경요청 드립니다,우OO,2025-10-28 19:50:12,"안녕하세요 신호 체계 불편함이 있어 신청 합니다. 워킹 맘으로 매일 퇴근길 비 보호 좌회전 신호를 이용하고 있습니다. 도로 표시 번호 122번 길음역에서 길음로 9길래미안 9단지 언덕으로 오르는길 현재 신호 체계는 비 보호로 되어있으나, 좌회전 신호로 변경 요청 드립니다. 언덕 오르는 초입의 횡단보도는 굉장히 짧고, 잦으며, 빨간색 신호로 바뀌어도 통행하는 사람 있어 실제로 좌회전 할 수 있는 시간은 더 짧음. 좌회전할 수 있는 초록불일 경우 반대쪽도 초록 신호로 직진하고 있어 좌회전 불가. 34번의 신호가 바뀔 때까지 가지 못한 경우도 있음. 언덕에서 내려오는 차가 우회전 시 좌회전 대기 정지선까지 넘어오는 경우 많아 위험하여 정지선 위치를 좀 더 뒤쪽으로 이동 오늘도 퇴근 길 반대쪽에서 오는 이륜차와 부딪힐뻔한 아찔한 순간이 있었고, 지금 생각해도 무섭습니다. 민원 신청은 예전부터 생각했었지만, 그 순간이 지나고 집에 오면 긴장이 풀어져 잊어버리다가 오늘은 사고 직전까지 갔었기에 집에 도착하자마자 바로 두서 없이 글을 올립니다. 주민들이 최고로 행복한 성북구가 되었으면 하는 바램으로 올리는 글이 오니 이것 말고도 할 일이 많으시겠지만, 꼭 현장 점검하시고 불편 해결 꼭 부탁 드립니다.",행정문화국 민원여권과,2025-10-30 17:51:02,김○○,"안녕하십니까? 귀하께서 새올상담민원(성북구 새올전자민원)을 통해 신청하신 민원(접수번호:202510281950123038)에 대한 검토 결과를 다음과 같이 알려드립니다.

귀하의 민원내용은 ‘길음역에서 길음로 9길로 가는길 비보호 신호를 좌회전 신호로 변경 요청에 관한 것으로 이해됩니다.

현재 신호등과 관련된 전반적인 민원은 서울지방경찰청에서 총괄하고 있습니다. 따라서 해당 기관에 공문으로 귀하의 민원사항을 이첩하여 처리를 요청드렸습니다. 차후 신호등에 관한 문의사항이 있을 시 서울지방경찰청 교통관리과(☎02-700-5151)로 연락 부탁드립니다.

귀하의 민원을 직접 해결하여 드리지 못하는 점 양해 부탁드리며, 답변 내용에 대한 추가 설명이 필요한 경우 성북구 민원여권과 김신예 주무관(☏02-2241-4474)에게 연락주시면 친절히 안내해 드리도록 하겠습니다. 감사합니다.",1
205128,도로 공사 후 후처리가 미흡합니다.,박OO,2025-10-28 19:35:17,매일 한천로를 따라 출퇴근 중인 직장인입니다. 다름이 아니라 금일 장위동 272127에 도로 공사를 하셨는지 엄청 높게 도로가 단차가 있었습니다. 밤이라 어두워서 보이지 않을 뿐더러 30키로로 가고 있었음에도 불구하고 블랙박스 사고 알람이 울릴 정도로 크게 충격이 있었는데요. 밤에는 잘 보이지 않으니 따로 대처 부탁드립니다. 저만 아니라 옆 차들도 당황해서 브레이크 밟는게 보이더라구요. 노란색 페인트로 줄을 그어주시던가 단차를 낮추어 주시던가 따로 불빛을 이용하여 경고를 해주시던가 해주세요. 부탁드리겠습니다.,도시관리국 주거정비과,2025-11-06 18:04:45,이○○,"1. 구정발전을 위해 적극 협조해주셔서 감사드립니다.

2. 귀하께서 신청하신 민원사항은 장위6구역 한천로 상하수관로 공사 관련 임시 철판 설치로 인한 단차 발생에 대한 사항으로 판단됩니다.

3. 우선 공사로 인해 불편을 겪으신 점 위로의 말씀을 드리며, 임시 철판은 2025.10.31.자로 공사 완료되어 제거되었음을 알려드립니다.

4. 아울러, 해당 민원사항 관련하여 현장관계자에게 추후 공사 시, 공사현장 관련 규정을 준수하고 주민들의 피해를 최소하하여 공사를 진행할 수 있도록 안내하였음을 알려드립니다.

5. 기타 궁금하신 사항은 우리구 주거정비과(담당자 이광연, ☎02-2241-2835)로 연락주시면 성심껏 답변드리겠습니다. 끝.",1
205090,가로수 은행나무 열매로 인한 도로및 인도 오염 및 악취개선요청,최OO,2025-10-24 18:19:00,안녕하세요 장위동 하나은행 정류장 앞 및 그 주변 도로변에 심겨져 있는 은행나무 가로수로 인해 불편을 겪고 있어 민원을 접수합니다. 현재 가을철이 되면서 은행나무 열매가 대량으로 떨어지고 있고 이로인해 4계절 내내 도로 및 보도블럭인도가 열매로 지저분하고 미끄러우며 무엇보다 심한 악취로 인해 인근거주 주민 및 정류장 이용주민들이 매우 불쾌감을 겪고 있습니다. 아무리 청소를 잘 하신다고 해도 수시로 떨어지는 열매때문에 관리가 잘 되지 않는게 현실입니다. 가능하다면 빠른시일 열매제거 또는 수나무 교체 작업이 이루어 졌으면 합니다. 근본적 문제 해결을 위해 가능하면 교체작업이 조속히 이루어 질 수 있도록 조치 요청 드립니다.,도시관리국 공원녹지과,2025-10-29 15:56:05,이○○,"○ 안녕하십니까? 구정 발전을 위해 의견 주신 귀하께 감사 말씀 드리며 돌곶이로 은행열매털기 및 은행암나무 바꿔심기와 관련하여 답변드리겠습니다.

○ 유선으로 말씀드린 바와 같이, 돌곶이로 일대(장위동 하나은행 ATM 및 정류장 포함)는 2025. 10. 26.(일) 은행 열매털기 작업을 완료하였음을 알려드립니다. 다만, 은행나무의 특성상 일부 완숙하지 않은 은행 열매가 남아 있을 수 있으며, 이후 추가적으로 작업을 시행할 예정입니다.

○ 아울러, 은행 암나무를 수나무로 교체하는 사업은 서울시 도시숲(가로수) 심의 후 추진이 가능한 사항으로, 서울시 가로수 심의 결과(주민의견 수렴 및 환경단체와 협의 필요)에 따라, 사업추진이 어려움을 알려드리니, 이점 널리 이해하여 주시기 바랍니다.

○ 귀하의 질문에 만족스러운 답변이 되었기를 바라며,기타 문의사항이 있으실 경우 공원녹지과 담당 이지은(☎02-2241-3692)으로 연락주시면 성심성의껏 안내드리도록 하겠습니다. 감사합니다.",1
205044,선거관리위원회의 공표된 주민투표 절차 중단의 적법성에 관한 질문,황OO,2025-10-21 11:57:10,제목과 같이 문의드립니다. 상황이 긴급한 건이라 최대한 빨리 답변 부탁드립니다.,도시관리국 주택정책과,2025-10-24 13:44:09,정○○,"안녕하십니까? 우리 구정에 많은 관심과 애정을 가져주신데 감사드리며 귀하께서 제출하신 민원에 대하여 아래와 같이 답변드립니다.

가. 민원내용
- 길음동부센트레빌아파트 선거관리위원회에서 공고, 안내한 주민동의절차를 중단한 것에 대한 적법성 질의.

나. 답변사항
- 귀하의 민원사항에 대하여 유선상 기 답변드린 사항을 참고하시기 바라며, 공동주택관리법령, 귀 단지 관리규약 상에는 장기수선계획 수시조정에 대한 입주자 동의 요건, 업무 주관 등의 사항만을 규정하고 있을 뿐, 공고한 사항의 미실시 등에 대한 제재 및 강제규정은 따로 없습니다.
- 따라서, 법령과 관리규약에 따로 정한 바 없는 사안에 대한 유·무효, 당·부당의 여부를 행정청에서 최종 판단하거나 확정할 권한은 없다고 할 것으로 단지 내부적으로 면밀히 협의하여 판단할 사안으로 사료되며, 경우에 따라 사법적인 판단이 필요할 것으로 보입니다.
- 다만, 우리구에서는 민원사항임을 감안하여 귀 단지 선거관리위원회에 해당 민원사항을 통보하였으며 투명하고 공정한 주민동의 절차를 수행하여 줄 것을 행정지도하였습니다.

귀하의 가정에 건강과 행운이 함께하시기를 기원드리며, 더 궁금하신 사항은 성북구청 주택정책과 정진식(☎ 02-2241-2713)에게 문의하여 주시면 성심껏 답변드리겠습니다. 감사합니다.",1
205020,길음역 공원,오OO,2025-10-19 16:49:41,"길음역 공원이 차도가 아님에도 불구하고 오토바이가 자주지나 다니고 있어 오토바이가 다니는 도로가 아님을 인식할수 있게 안내표지를 해주시가 바랍니다.어린이, 노인들이 놀고 다니는데 오토바이가 씽씽지나가고 있다보니 접촉사고도 있고 해서 안내판표지를 해주시고 그리고 공원내 배나무가 조성되어있는데 배나무 화분사이로 어린들이 불쑥 나오기도 해서 어린이들이 회분사이로 나오지 못하게 줄로 막아주시기 바랍니다.",도시관리국 공원녹지과,2025-11-11 13:24:01,엄○○,"안녕하십니까? 우리 구정에 많은 관심과 애정을 주신 귀하께 감사의 마음을 전하며, 귀하께서 신청하신 민원에 대한 검토 결과를 다음과 같이 알려드립니다.

귀하의 민원 접수 후 현장 방문하여 귀하께서 말씀하신 사항에 대해 살펴보았습니다. 먼저, 귀하께서 말씀하신 배나무 화분 사이에 로프 설치 완료하였습니다. 다만, 오토바이가 다니는 도로가 아님을 인식할 수 있는 안내표지는 내년도 예산을 활용하여 설치할 예정이오니 이 점 양해 부탁드립니다.

귀하의 질문에 만족스러운 답변이 되었기를 바라며, 추가적인 문의사항이 있으실 경우 서울특별시 성북구 도시관리국 공원녹지과 (☎ 02-2241-3693)로 연락주시면 친절하게 설명하여 드리도록 하겠습니다. 감사합니다.

※ 첨부파일 :
처리사진(로프설치).jpg",1
205014,솔향기문화사랑방 폐관 관련,POO,2025-10-17 18:32:11,"안녕하세요. 지난 2024년 첫째 아이가 서울정릉초등학교에 입학하면서부터 솔향기문화사랑방을 애용하고 있는 학부모입니다. 먼저 솔향기문화사랑방 폐관 소식을 확정된 후에 알게 되어 마음이 굉장히 아픔을 전합니다. 솔향기문화사랑방의 이용자 수가 적어 폐관이 결정되었다는 것은 잘 알고 또 이해합니다만 그 소수의 이용자로서 왜 그러한 문화 공간과 휴게 공간이 아이들을 포함한 동네 주민들에게 필요했는지를 말씀드리고자 합니다. 유치원에서 돌봄을 늦은 시간까지 하다가 이른 시간 하교를 하는 초등학교로 진학하면서 자연스럽게 저학년 아이들의 부모의 돌봄 없이 생기는 틈새의 시간들이 꽤나 많아졌습니다. 나라에서는 선행학습 근절과 사교육을 줄이자고 하지만 사실상 학원으로 뺑뺑이를 돌리게 되고, 또는 부담되는 돈을 들여 선택형 늘봄으로 시간을 때우는 방법 밖에는 남지 않게 됩니다. 돌봄교실 또한 맞벌이를 증명하며 저학년 아이들을 학교에 남겨둘 뿐 아이들에게 어떠한 실질적 도움이 되는지 항상 의문입니다. 솔향기문화사랑방은 아이들에게 하교 후 교제의 공간이었고 사서 선생님과의 상담 시간이 되었고, 또한 아이들을 기다리는 학부모엄마들의 위로 공간이 되기도 하였습니다. 서로에게 도움이 되고 치유가 되는 이야기가 오가고 웃음이 있는 공간이었으며, 어떠한 면에서는 학교보다 더 신뢰도를 가지고 아이들이 머무를 수 있는 곳이었습니다. 그 공간의 의미도 컸지만, 그곳에서 항상 반갑게 맞아주시고 여러 도움을 주시던 사서 선생님의 의미도 아이들에게는 굉장히 컸습니다. 매우 사적이고 개인적인 사유가 될 수 있다고 생각합니다. 하지만 적어도 그 공간을 한 번이라도 이용해 본 아이들과 학부모는 다 같은 마음일 거라 저는 생각합니다. 솔향기문화사랑방의 폐관이 결정된 시점에서 제가 호소하고자 하는 것은 부디 그 공간이 의미 없이 쓰이지 않고 그곳을 거쳐갈 앞으로의 많은 아이들과 그 아이들의 학부모를 고려하여 사용하여 주셨으면 하는 바람입니다. 어린아이들의 유괴를 포함한 다양한 사건 사고들이 일어나고 있는 문제가 가득한 사회에서 지금처럼만 딱 신뢰를 가지고 아이들이 머무르며 부모와 만날 수 있고 또 쉼이 되는 공간을 만들어주시길 바랍니다. 부디 그 공간을 이용할 주민들과 어린이들을 위해 일시적 이익 추구보다는 장기적인 안정감을 추구하셨으면 좋겠습니다.",행정문화국 문화체육과,2025-10-27 12:23:46,차○○,"안녕하십니까? 귀하께서 신청하신 민원에 대한 검토 결과를 다음과 같이 알려드립니다.

먼저 솔향기 문화사랑방을 이용해 주시고, 운영에 대해 따뜻한 관심과 귀중한 의견을 보내주신 점 진심으로 감사드립니다.

귀하께서 말씀하신 것처럼 솔향기 문화사랑방이 그동안 아이들과 주민들의 쉼터이자 문화활동 공간으로 많은 사랑을 받아왔다는 의견에 충분히 공감합니다.

다만, 솔향기 문화사랑방은 접근성의 한계, 1인 근무체계로 인한 안전관리의 어려움, 최근 몇 년간의 이용자 수 감소 등 여러 요인으로 인해 부득이하게 운영을 종료하게 되었습니다.
폐관 이후에는 시설을 방치하지 않고, 공원내 프로그램 운영 등 더 많은 주민이 참여하고 이용할 수 있는 공간으로 새롭게 활용할 예정이오니 양해해 주시기 바랍니다.

아울러 귀하께서 제안해 주신 다양한 의견은 향후 주민이용시설 기획 및 지역 내 문화공간 조성 등 관련 정책 추진 시 소중히 참고하겠습니다.

이용에 불편을 드린 점 넓은 이해를 부탁드리며,
답변 내용에 대한 추가 설명이 필요하신 경우 성북구청 문화체육과 차주호(☎ 02-2241-2616)에게 연락주시면 친절히 안내해 드리겠습니다.

감사합니다.",1
205016,길음역부근 길음동 초입 도로가 너무 막힙니다,이OO,2025-10-17 21:56:26,"안녕하십니까. 저는 길음역 인근에 거주하는 시민으로서, 길음역 일대와 길음뉴타운을 오가는 교통 환경 개선에 대해 간절히 건의드리고자 합니다. 현재 길음역을 중심으로 한 진출입 도로는 출퇴근 시간대에 극심한 정체를 겪고 있습니다. 이미 현재의 교통 인프라로도 길음뉴타운 기존 입주민의 통행을 감당하기 어려운 상황입니다. 그런데 앞으로 미아리 텍사스 일대, 미아사거리 주변, 길음시장 주변이 추가로 재개발될 경우, 길음뉴타운 및 인접 지역의 세대 수는 폭발적으로 증가할 것입니다. 그러나 현 도로 구조로는 이 인구와 교통량을 결코 감당할 수 없습니다. 길음미아권은 서울 동북권 발전의 핵심축이 될 수 있는 지역입니다. 하지만 교통 인프라가 현재 수준에 머문다면, 기업 유치나 상업업무 기능의 확장은 현실적으로 불가능합니다. 반면 강남, 용산 등 주요 성장 지역은 넓은 대로망을 기반으로 기업과 일자리, 상권이 함께 성장했습니다. 길음 일대가 서울의 균형발전 축으로 성장하기 위해서는, 이번 재개발 사업과 연계된 도로 확충과 교통체계 재정비가 반드시 병행되어야 합니다. 이는 단순한 교통 편의의 문제가 아니라, 기업 유치 기반 조성, 일자리 창출, 동북권 균형 발전, 시민의 이동권 보장 이라는 서울시의 중장기 발전 목표와도 직결된 사안입니다. 이번 재개발을 서울 동북권의 새로운 기회로 삼기 위해, 부디 길음역미아사거리 구간 도로 확장 및 교통체계 개선 계획을 적극 검토해 주시길 간곡히 요청드립니다. 시민의 생활과 도시의 미래가 걸린 문제인 만큼, 정책적 관심과 실질적인 조치를 부탁드립니다. 감사합니다.",도시관리국 주거정비과,2025-10-27 10:42:08,장○○,"1. 안녕하십니까? 평소 구정 발전에 적극 협조하여 주시는 귀하께 감사드립니다.

2. 귀하께서는‘길음역~미아사거리구간 도로 확정 및 교통체계 개선요구’를 하신 것으로 이해됩니다. 길음·미아 재정비촉진지구 재개발사업에 따른 교통영향분석 및 개선대책 등은 「도시교통정비촉진법」 제17조 및 동법 시행령 제13조의4, 「서울특별시 교통영향분석·개선대책 수립에 관한 조례」 제5조 등 관련 법령에 의거 사업시행계획(변경)인가 전 교통영향평가 심의를 통해 정비사업 시행에 따라 발생하는 교통량·교통흐름의 변화 및 교통안전에 미치는 영향을 조사, 예측, 평가하고 그와 관련된 각종 문제점을 최소화할 수 있도록 교통개선대책을 마련하고 있습니다.

3. 길음역~미아사거리구간 도로확장 및 교통체계 개선 등에 대해 건의하신 사항은 기존 도로 인프라, 대중교통의 한계 등 복합적인 사항으로 서울시 및 교통관계부서 등의 검토 및 의사결정 등이 필요한 사항임을 널리 이해하여 주시기 바랍니다.

4. 귀하의 질문에 만족스러운 답변을 드리지 못한 점 널리 양해하여 주시기 바라며, 기타 궁금하신 사항은 우리구 주거정비과(담당장: 장영주 주무관, ☏02-2241-2856)로 전화주시면 친절히 안내하여 드리도록 하겠습니다. 감사합니다.",1
204968,동절기 보행로 안전손잡이 설치 의뢰,김OO,2025-10-13 16:26:51,"북악산로22길 106과 동소문로26가길 5933, 35 사이의 골목길은 안전손잡이가 없어 낙상하기가 쉬었으나 우리 구청에서 손잡이 공사로 겨울철 안전하게 다닐 수 있었습니다. 주변이 재개발예정구역으로 있다가 주민들의 합의로 재개발이 진행되지 않다 보니 주민들은 여러가지로 살기가 힘든 실정입니다. 동소문로26가길 5917과 5919사이에 있는 계단과 미끄럼골목은 겨울철 눈이 녹지 않아 빙판시에는 통행이 불가능한 곳입니다. 이곳에 안전손잡이를 설치하여 주시면 고맙겠습니다. 598에는 100세가 넘으신 분이 거주하고 있어 더욱 더 절실 합니다. 갑자기 추워진 날씨에 작년에 고생하고 엉덩방아 사고났던 생각이 나서 글 올렸습니다. 감사합니다.",건설교통국 도로과,2025-10-15 17:38:57,유○○,"안녕하십니까?

귀하께서 접수하신 민원은 동소문로26가길 59-33 핸드레일 설치요청으로 판단됩니다.

귀하의 민원에 대해 다음과 같이 답변드립니다.


요청하신 구간은 사유지로 확인되어 핸드레일 설치를 위해서는 소유주 및 인근 주민 동의서가 필요합니다.

이에 따라, 해당 지번의 소유주 동의서 및 인근 주민 동의서 징구 절차 진행 후 정비 검토할 예정임을 알려드립니다.

위와 관련 더 궁금하신 사항은 우리 구 도로과(유용재, 02-2241-3554)로 문의하시면 성심성의껏 답변 드리겠습니다. 감사합니다.",1
204967,빗물 수로 물빠짐트렌치 이동 설치 의뢰,김OO,2025-10-13 15:59:14,"1. 현재 위치 북악산로 22길 101과 성신초등학교건물벽에 설치된 트렌치 기능상실 2. 이동할 위치 북악산로 22길 10과 성신초등학교 건물벽의 전봇대 3. 사유 북악산로22길상의 CU돈암풍림점에서 부터 현재 설치된 북악산로22길 10 주택사이는 비만 오면 빗물이 흘러 많은 양이 북악산로22길 10에서 동소문로26가길 77 골목길 계단으로 흘러 내려가므로 집중 호우시에는 계단에 흐르는 물이 폭포수 처럼 내려와 통행에 불편할 뿐만 아니라 신발,옷이 젖어 통행할 수 없는 지경에 이름 4. 이동할 위치로의 트렌치 설치 희망 현재 설치된 트렌치는 골목길을 지나 성신여자고등학교 정문방향으로 설치되어 트렌치로서의 기능을 상실한 바 트렌치를 골목입구 전에 설치하여 주시기 바랍니다.",건설교통국 치수과,2025-10-21 10:57:59,정○○,"안녕하십니까? 구정 발전에 많은 관심과 애정을 가져주시는데 대하여 감사드립니다.

귀하께서 요청하신 횡단 빗물받이 이동 설치 건에 대하여 현장확인 결과 북악산로22길 10, 북악산로22길 10-1 건축물 사이 계단 주변 파손으로 인하여 호우시 계단으로 빗물이 흐르는 것으로 보이며, 빠른 시일 내 해당 계단 주변을 보수하여 빗물이 횡단 빗물받이로 유입될 수 있도록 조치할 예정임을 알려드립니다.

추가로 궁금하신 사항이나 문의사항이 있으신 경우 우리구 치수과(담당자 정택유☎ 02-2241-3625)로 연락주시면 성심성의껏 답변드리겠습니다. 감사합니다.",1
203183,동망봉어린이공원 급경사 도로열선설치 및 급경사 인도 캐노피지붕 설치요망,전OO,2024-11-27 10:10:13,"보문역 인근에 있는 보문사에서 동망봉 어린이공원 올라가는 도로및 인도는 급경사라 작년에도 폭설이 왔을 때 이쪽 도로로 차들이 올라가지도 내려가지도 못하고, 인도는 꽝꽝 언 빙판길이 되어 사람들이 미끄러져 다치는 일들이 빈번했습니다. 그곳은 동망봉 어린이공원 진출입로면서,이편한세상보문440세대후문진입로이기도 하고,앞으로 열릴 보문숲길 도서관 쪽 차량 진입로이기도 합니다.공원이용객,도서관이용객들,인근 주민들을 위해서 열선도로가 시급합니다. 또한, 인도쪽도 워낙 급경사라 밤사이 눈이 내릴때마다 빙판길에 속수무책입니다. 특히, 동망봉어린이공원 정문 후문 진입로 양쪽 모두 급경사인데,그곳은 동신초등학교 학생들의 통학로이기로 해서 학생들의 안전도 우려됩니다. 통학로로 이용되는 동망봉어린이공원 정문 후문 진입로 급경사구역에도 캐노피지붕설치가 필요해보입니다. 올해 예산이 없다면 내년엔 겨울이 오기전에 설치해주시면 많은 차량들과 이용객들이 빙판길에 다치거나 이동에 불편을 겪지 않고 안전하게 다닐 수 있을것입니다. 감사합니다.",건설교통국 도로과,2024-11-28 13:14:14,이○○,"안녕하십니까?
항상 우리구 구정 발전에 관심을 가져주셔서 감사의 말씀 드리며, 우리구 이편한세상보문 주변도로 열선 및 캐노피 설치 요청건에 대하여 말씀 드리겠습니다.
먼저, 도로 열선 설치 및 유지관리는 많은 예산이 소요되는 사항으로 우리구에서는 구비로 설치가 어려워 국비 및 시비 예산 확보에 노력하고 있는 실정입니다.
관내 급경사지내 순차적으로 열선을 설치하기 위해 예산 확보에 적극 노력하고 있으며, 해당 구간 강설 시 제설제 사전 살포 및 제설 작업을 더욱 철저히 하여 주민들의 통행 안전을 위해 최선을 다하겠습니다.
보도 캐노피 설치 또한 많은 예산이 소요되므로, 추후 우리 구 예산 확보 상황, 주민의견 수렴 및 사업 우선순위 등을 고려하여 중장기적으로 검토 드린다는 말씀 드립니다.
앞으로도 구정 발전에 많은 관심을 부탁드리며 더 궁금하신 사항은 성북구 도로과(이민정,02-2241-3585)로 연락주시면 성심껏 안내해드리겠습니다.
감사합니다.",1
202739,신속추진단에 공개 질의 성북구청에 자체 재건축 조합 표준정관이 존재합니까?,이OO,2024-11-22 12:32:00,"본 민원인은 안암동 대광빌라 가로주택정비사업 조합 이사 이명수입니다. 우리 조합의 정관을 살펴본바 제18조 해임에 관한 조항이 도정법에 위배되어 무효임을 알게 되었습니다. 이같은 사실은 조합 설립한지 3년 다 되어 가는데 아무도 몰랐습니다. 이와관련, 위법한 조항이 있는 정관이 어떤 과정으로 작성되었는지를 놓고 조합내부에 심각한 논란이 있어 왔습니다. 이에 대해 장운철 조합장은 모든 조합원들이 볼수 있는 조합 단톡방에 조합정관은 성북구청으로부터 교부받았을 때 성북구의 표준정관으로 만들었으니 가능하면 이 부분을 그대로 적용하면 된다고 그 당시 주무관이 설명했다면서 조합정관은 성북구청 표준정관으로 받은 것임을 다시한번 알린다고 강조했습니다.자료1단톡방 캡처 또한 19일 열린 신탁사 설명회가 끝난후에도 많은 조합원들 앞에서 동일한 주장을 하였하였습니다.자료2 동영상 이는 동영상으로 촬영되었고, 조합 전체단톡방에서 공개되어 조합원들이 보게 되었습니다. 즉, 조합장은 도정법에 위배된 대광빌라 조합 정관 18조가 성북구청 표준정관을 그대로 사용했기 때문에 자신의 잘못은 없다고 주장하면서 성북구청 탓으로 돌리고 있습니다. 반면, 민원인이명수를 비롯해 다수 조합원들은 조합장이 추진위부터 실무를 독점하여 진행했기 때문에 조합장 본인이 위법 조항을 작성했거나 다른 조합의 위법 정관 차용했다고 봅고 있습니다. 이에 성북구청 신속추진단의 공식적인 답변을 구합니다. 1.성북구청에는 자체적으로 만든 재건축 조합 표준정관을 갖고 있으며, 해당 표준정관에 따라 정관을 만들라고 조합장에게 권유하고 있습니까? 2.조합 정관 인가절차는 어떤 방법으로 진행되는가요? 성북구청에서 자체적으로 만든 표준정관을 제시하면서 담당 공무원이 가급적 고치지 말라고 합니까? 아니면, 조합이 정관을 만들어오면 인가를 합니까? 자료2 조합장 성북구청 표준정관 주장 영상 httpsyoutu.bej7Dephjw3rE",도시정비신속추진단,2024-12-02 10:57:40,이○○,"1. 항상 우리 구정발전을 위하여 힘써주시는 귀하께 감사드립니다.
2. 귀하께서 제기하신 조합정관인가절차 관련 사항에 대하여 검토 후 아래와 같이 답변드립니다.

○ 조합정관은 『서울특별시 도시 및 주거환경정비 조례』제20조제1항제4호에 따라 표준정관을 준용하고 『빈집 및 소규모주택 정비에 관한 특례법』제56조 및 『도시 및 주거환경정비법』제40조에 따라 작성 되나 사업시행자인 조합에서 정관을 제정함에 있어 참고로 사용하기 위함이며 개별 조합이 표준정관과 다른 내용으로 작성하더라도
○ 『빈집 및 소규모주택 정비에 관한 특례법』제23조제10항 및 같은 법 시행령 제20조의3제1항(창립총회의 결의사항 등)에 따라 총회의 의결을 받아 정관이 확정되면 정관 규정의 효력이 발생함을 알려드립니다.
○ 아울러, 정관 제정은 사업시행자(조합)의 고유 업무이며 변경 시에도 『빈집 및 소규모주택 정비에 관한 특례법』제23조제5항에 따라 총회의 의결을 따라야 함을 알려드립니다.

3. 더 궁금한 사항이 있으실 경우 우리구 도시정비신속추진단 소규모주택팀 담당 주무관(☎02-2241-2932)으로 연락주시기 바랍니다. 감사합니다. 끝.",1
202437,동선2구역 철거와 재개발 공사 지연에 관련하여 민원요청 드립니다.,우OO,2024-11-19 17:56:52,"동선2구역 조합원입니다. 저희 구역 철거와 재개발 공사 지연에 관련하여 민원요청 드립니다. 대성유니드 주민의 지속적인 민원으로 인해 동선2구역의 구민들의 재산상 많은 피해를 받고 있습니다. 주 출입구를 막고 공사를 하는 것도 아니고, 악의적으로 민원을 넣는다고 밖에는 생각이 들지 않습니다. 철거와 재개발 공사가 늦어지는 이유에 대해 여쭤보니 저희1, 2단지 공사구간 사이에 일방통행로를 만들어야해서 늦어진다는 답변을 하셨다고 들었습니다 구청에서 재개발 공사에 관한 인가를 내리고 나서.. 계속적인 조합원들에게 재산상의 많은 피해를 입고 있는 이 상황에서 공사를 방해하는 대성유니드 구민들을 설득해야 하는 인가권자인 구청이 현실적으로 일방통행로를 만들면 공사자체가 힘들다는 것을 알면서도 동선2구역 조합에만 계속적인 압박을 가하는 이유가 무엇입니까? 정말 개인적으로 소송까지 하고 싶은 생각도 듭니다. 또한 40년 이상을 재개발 지역에 살았던 사람으로 대성유니드가 과거 공사를 할 때 동네 주민이라는 마음으로 너그럽게 이해해 줬던 저를 정말 증오합니다. 최근 조합원분양가가 감당할 수 없을 만큼 높게 책정되어 많은 조합원들이 생계를 제쳐두고 비용을 줄여보고자 노력하는 중입니다. 저희 조합 한달 이자비용만3억이 넘는다고 합니다. 이런상황에서 교통대책 수립을 하라는 구청에서의 지시에 조합원들의 돈으로 용역을 몇천만원의 돈을 들여서 하고 있습니다. 하루빨리 철거와 재개발 공사가 완료되어 이자 비용이라도 줄였으면 바람입니다. 저희 구역은300여 세대의 작은 구역인데 일방통행로를 만들어야 한다는 것이 납득이 되지 않습니다. 그리고 다른 우회도로가 있음에도 이렇게까지 왜 동선2구역 조합에만 일방적인 통보와 공사지연을 하시는 겁니까? 몇 천 세대의 큰 구역도 철거구역 내에 통행로를 만드는 곳을 본 적이 없는데 어떤 사유로 계속적인 교통대책을 수립하라는 말씀인지 궁금합니다.",도시관리국 주거정비과,2024-11-28 10:18:14,이○○,"안녕하십니까? 귀하께서 신청하신 민원에 대하여 답변드립니다.

귀하의 민원 내용은 동선2구역 철거와 재개발 공사 지연 관련한 민원 요청에 관한 것으로 이해됩니다.

민원 요청하신 내용에 대해 동선2 정비사업구역 내 1, 2단지 공사구간 사이에 일방통행로 설치는 정비계획으로 결정된 사항임을 알려드리며, 대성유니드 주민들의 민원과 관련한 교통대책수립 요구는 사업시행인가 조건 및 교통영향평가 심의 시 의견(공사 시행 전 민원발생 최소화를 위하여 교통처리계획 등 관련사항에 대하여 관련 기관 및 주민설명회를 통하여 사전 협의 후 공사 진행)에 따른 것임을 알려드리니 이점 양지하여 주시기 바랍니다.

아울러, 철거 공사 및 본 공사 착공이 지연되지 않도록 조합 및 대성유니드아파트와 함께 교통처리계획 및 공사협조 요청 등에 대해 협의 진행 및 행정업무 지원에 최선을 다하겠음을 말씀드리니 많은 이해바랍니다.

귀하의 질문에 만족스러운 답변이 되었기를 바라며, 답변 내용에 대한 추가 설명이 필요한 경우 주거정비과 이혜란 주무관(☎02-2241-2872)에게 연락주시면 친절히 안내해 드리겠습니다. 감사합니다.",1
202366,돈암2동 주민센터 담당직원 이름만이라도 알려주세요,이OO,2024-11-18 19:00:09,"한진아파트에 살고있는 이대식입니다 저의 집 방충망이 낡고 훼손되어 모기가 따뜻한 방으로 밤만 되면 모여들어 물기 시작하여 밤잠을 설쳤는데 이런 고충을 돈암2동 주민센터에 말하였는데 어느날 여성직원이 저의 집을 방문,훼손된 방충망을 확인후 약 2주후 새 것으로 교체해 주겠다하고 돌아 갔습니다. 그 여성공무원은 약속대로 오늘 업자로하여금 교체시공해 주었습니다 마치 공무원이 친혈육처럼 보살펴 주신데 대하여 깊은 감명을 받았지만 고맙다는 인사를 할려해도 이름조차 알수 없으니 구청장님께서 조사해 보시고 그 여성공무원의 이름을 알려주시면 감격의 인사를 전할수 있도록 도와 주실수 있겠지요? 구청장님 산하공무원은 고압적자세는 찾아 볼수없고 주민을 위해 봉사하고 헌신하는 모습만 보여주어 구청장님의 지도력에도 찬탄을 아끼지 않겠습니다",돈암2동,2024-11-25 17:34:40,윤○○,"안녕하십니까?
귀하께서 문의하신 새올상담 민원에 대해 다음과 같이 답변 드립니다.

우선 훼손된 방충망을 교체하여 도움이 되셨다는 말씀을 전해주셔서 감사합니다.
또한 그 과정에서 이번 일을 도와준 담당 직원에 대한 고마움의 표현을 해주신 점에도
깊히 감사의 말씀을 전합니다.
문의주신 돈암2동 주민센터 보건복지지원팀 직원은 송민경 주무관, 서영순 주무관입니다.

귀하의 문의에 만족스러운 답변이 되었기를 바라며, 추가적으로 궁금한 사항이 있으실 경우 성북구 돈암2동 주민센터 윤선영(☎02-2241-5192)에게 연락주시면 친절하게 답변 드리도록 하겠습니다. 감사합니다.",1
202107,국공립 큰나무어린이집 학부모 김성은 입니다.,김OO,2024-11-15 13:40:41,"성북구 큰나무어린이집 두아이를 맡기고있는 학부모입니다. 처음 지을때부터 없었던 보기둥를 증거도없이 원장선생님께 없엤냐고 물어보셨던데 95년에도 없었던 보 증거도 원장선생님이 기록물을 가지고있어서 다행인거지 아무런 내용도없이 무작정 의심하고 결과도 그런식으로 통보해도되는겁니까,? 처음에 그럼 보 도없이 말들고선 여지껏 30년 넘게 거기서 지내게 통과는 왜시켜준거에요? 지금알게됬으면 먼저 사과하시고 조치처리해주시고 달빛어린이집과같이 다같이움직일수있게 모든인원 전원조치에 재개원을 해주셔야조. 왜 사과는커녕 원장선생님께 탓을 돌리고 안전안전 하면서 일처리 쉽게하려고 하세요? 여기 큰나무 그냥 자리있어서 보내는거 아닙니다. 선생님들 보고 믿고맡기는거에요. 언덕에 가기힘든길이어도 아이들을위해 가는겁니다. 다른어린이집에서 상처받은 어린이들 여기선생님 만나서 정서적으로 안정감가지고 자라나는중이에요. 증거.서류도없이 보없엤냐고 원장선생님께 의심하고 물어보신거 사과하세요. 그리고 다같이 전원조치 기다리겠습니다. 처음부터 보 없었고 30년동안 여기있게 통과하게 두신것도 신고할수있습니다. 지금이라도 아셨으면 전원조치. 재개원할수있게. 조치취해주세요. 구청에서 그냥 무턱데고 폐원처리할수있다고 통보받는거 정신적으로 충격받았습니다. 안전하게 공사해주시고. 피해받았습니다. 저희가바라는건 모두다 안전하게 큰나무어린이집 모두다 원장선생님. 지금 다니시는 선생님들과 아이들 전원조치 재개원입니다.",복지교육국 여성가족과,2024-11-19 13:05:42,박○○,"안녕하십니까?
귀하께서 신청하신 민원(접수번호:202107)에 대한 검토 결과를 다음과 같이 알려드립니다.

먼저 구에서 위탁운영중인 국공립 큰나무어린이집과 관련하여 불편함을 느끼신 점에 대해 매우 안타깝게 생각합니다.
큰나무어린이집은 관내 38년 이상 노후 어린이집을 대상으로 실시한 공공시설물 내진성능평가 및 정밀안전진단 결과 안전문제 발생이 우려되어 시설 보강 등에 대하여 검토중에 있으며, 향후 큰나무어린이집 운영과 관련하여 어린이집과 적극 소통하여 재원아동 및 학부모 불편을 최소화하도록 노력하겠습니다.
아울러 구에서는 안전한 보육환경 조성을 위해 노후 어린이집에 대한 환경개선 및 기능보강을 확대 추진해 나가도록 하겠습니다.

답변내용에 대해 추가적인 문의사항이 있으실 경우 서울특별시 성북구 복지교육국 여성가족과 박지영 (☎ 02-2241-2555)에게 연락주시면 친절하게 설명하여 드리도록 하겠습니다. 감사합니다.",1
201860,성북구 지역 전체 임신부가족 백일해 예방접종 촉구 탄원서 제출장,김OO,2024-11-13 02:02:02,"1 국내 에서 처음 으로 2개월 미만의 영아가 백일해로 사망하면서 전국적인 확산세가 심각해지고 있으며 국내 백일해 환자 수는 3만명을 넘어섰고 주로 소아와 청소년층에서 빠르게 증가하고 있습니다 2 백일해 사망 사례가 발생함에 따라 특히 1세 미만 영아 등 고위험군 보호를 위해 임신부와 가족 돌보미가 백일해 백신을 접종하는 것이 중요 하다고 김태환 저는 생각해 봅니다 3 사망한 영아는 2개월 미만으로 예방접종을 받기 전 감염돼 지난달 백일해 양성 판정을 받고 입원 치료를 받다가 악화로 인해 지난 4일 사망에 이르게 되었습니다 4 백일해는 발작적 기침이 주요 증상이며 올해 들어 7세에서 19세 연령층을 중심으로 전국적인 유행세를 보이고 있고 최근 10년간의 발생 통계를 보면 2018년 980명 으로 정점을 찍은 후 감소 하다가 2021년 최저치를 기록했지만 이후 다시 증가해 지난 2일 기준으로 3만명을 넘었습니다 5 연령별로는 1319세가 45.7, 712세가 42.0를 차지해 전체 환자 중 87.7가 719세 소아와 청소년 이고 또한 06세 환자 비율도 늘고 있어 영유아와 그 가족들에 대한 백신 접종 필요성이 커지고 있다는 겁니다 6 한편 세계적 으로도 백일해가 확산되면서 사망자가 보고되고 있고 예를 들어 영국 에서는 올해 9월까지 약 1만 4천명이 발생하고 영아 10명이 사망했으며 프랑스와 미국에서도 수만 명의 환자와 함께 다수의 사망 사례가 발생 했다는 겁니다 7 고위험군 특히 생후 1년 미만 영아 보호가 필수적 이라고 김태환 저는 말을 드리고 싶고 임신부가 임신 3기 동안 백신을 접종해 영아에게 백일해 면역을 전달하도록 권장하고 싶고 또한 12개월 미만 영아는 적기에 예방 접종을 해야 하며 영유아를 돌보는 가족과 의료 종사자도 백신 접종이 필요 하다는 겁니다 8 이번 백일해 사망 사례는 국내 최초인 만큼 고위험군 보호에 각별한 주의가 필요하기에 담당 부서와의 협력 및 전문가와의 대책반 운영을 통해서 적극 대응해서 나가보자는 것과 아울러 가정 에서도 손 씻기 기침 예절 준수 마스크 착용 등 예방 수칙을 철저히 지켜줄 것을 당부 드리고 싶습니다",보건소 건강관리과,2024-11-13 15:38:48,전○○,"1. 접수번호: 202411130202029767
2. 민원요지: 성북구 지역 전체 임신부와 가족 백일해 예방접종 지원
3. 답변내용:
안녕하십니까? 지역 발전에 많은 관심과 애정을 가지고 의견을 보내 주신 데 대하여 감사드립니다. 귀하의 민원 내용은 성북구 지역 전체 임신부와 그 가족을 대상으로 백일해 무료 접종 지원에 관한 제안이라 판단됩니다.
귀하의 질의사항에 대해 검토한 의견은 다음과 같습니다.
현재 국가예방접종 지원사업에서 생후 2,4,6개월에 DTaP 기초접종 후, 생후 15~18개월, 4~6세 DTaP, 11~12세에 Tdap 추가접종까지 총 6회에 대해 무료로 지원하고 있습니다.
임신부는 27~36주 사이 접종을 권장하고 있으며, 1세 미만 영유아를 돌보는 가족 및 의료종사자는 Tdap 접종을 권장하고 있습니다. 하지만 현재 국가예방접종사업 대상자 이외에는 비용 지원이 되지 않아 의료기관에서 유료로 접종이 가능합니다.
보건소에서 국가 필수예방접종이 아닌 기타 예방접종을 시행하기 위해서는 자치법규 개정, 예산상 합의 등의 검토가 이루어져야 하므로 지금 당장 도입은 다소 곤란하나 백일해 무료접종 시행에 대해 타 자치구 사례를 참고하고 논의하여 신중히 검토하도록 하겠습니다.
우리 구정에 대한 애정 어린 관심으로 좋은 의견을 주심에 다시 한번 감사의 말씀을 드리며, 귀 가정에 건강과 행운이 늘 함께 하시길 기원합니다.
추가 문의사항은 성북구 건강관리과 전미향(☏02-2241-6067)로 연락주시기 바랍니다.",1
201920,집 마당에 멧돼지가 들어와요 도와주세요.,김OO,2024-11-13 15:41:55,안녕하세요. 어머니께서 성북동 북정마을에 살고계십니다. 며칠 전부터 밤중에 멧돼지가 집 마당까지 들어와서 난동을 피우고 나간다고 새벽에 어머니에게 전화를 받았습니다. 무서워서 나가보지도 못하시고 불안해서 잠도 잘 못주무십니다. 오늘 어머니댁에 방문하여 현장을 살펴본 결과 멧돼지가 들어왔을만한 진출입로를 발견했습니다. 첨부한 사진들을 보시면 알겠지만 기존에 설치된 울타리를 길 끝까지 연장할 수 있다면 멧돼지의 진출입로를 차단할 수 있을 것 같습니다. 구에서 설치해주실 수 있는 사안인지 확인차 민원 남깁니다. 날씨가 점점 추워짐에 따라 멧돼지의 등장이 빈번해지고 있습니다. 시급한 사안이니 빠른 대처 부탁드립니다.,도시관리국 공원녹지과,2024-11-25 09:24:32,곽○○,"안녕하십니까? 우리 구정 발전에 많은 관심을 가지고 의견주셔 감사의 말씀을 드리며, 멧돼지 출몰 신고 건에 대하여 답변드리겠습니다.

현장 확인 결과 인근 무단경작, 쓰레기 무단투기로 인해 멧돼지가 다니는 것으로 판단되어, 우선 멧돼지 차단을 위해서는 경작지 정리를 하실 것을 권해드립니다. 또한 말씀하신 난간은 멧돼지 차단용으로 부적합하며, 차단을 위해서는 높이 1.5m 이상, 기초 0.7m 이상의 규격이어야 하나, 현장 여건과 지형 상황 상 설치가 불가할 것으로 판단됩니다. 다만 성북구청 공원녹지과로 방문하시면 멧돼지 차단제를 배부해드리오니 참고하여 주시기 바랍니다.

우리 구정에 애정을 갖고 제안하여 주심에 감사드리며, 본 사항과 관련하여 더 궁금하신 사항이 있으시면 성북구청 공원녹지과(담당자 곽지수 주무관, ☎02-2241-3712)로 연락주시면 성심성의껏 답변 드리겠습니다. 감사합니다.",1
201924,큰나무 어린이집은 보육시설 그 이상의 장소입니다.,이OO,2024-11-13 15:59:58,최근 실시한 38년 이상의 노후 건물 대상으로 딱 6곳만 선정해서 한 내진성능검사에서 큰나무 어린이집이 좋지 못한 등급을 받았습니다. 이러한 검사를 시행하기전에 대응 메뉴얼에 따라 하루 아침에 폐원의 기로에 놓여 실직자가 될 교사들과 잘 적응해서 지내고 있는 아이들은 어떻게 할지 생각은 해보셨나요? 내진 성능을 실시하려면 다 해야죠 내진 설계 미흡한 37년 건물은 어쩌고요? 큰나무 어린이집 처럼 한 곳에서 우수 평가 인증 받으며 수십년 동안 수 많은 졸업생을 배출한 우수한 어린이집을 우선으로 노후화를 염두에 두었다면 미리 새로 개원 할 수 있는곳을 배정해 줬어야죠. 저는 14년동안 5명의 아이를 큰나무 어린이집에 보내고 있습니다. 사실 아이들 성북구의 육아정책 도움이 별로 안됐어요. 지원 받은게 뭐 있나 싶어요. 그나마 위안을 삼았던건 제 아이들이 큰나무 어린이집에서 유년시절을 참 행복하게 보내고 초등학교 입학을 할수 있게 해주신 큰나무어린이집이 다닐 수 있었던거. 아이들에겐 즐거운 추억의 장소이고요. 나라에선 출신장려 한답시고 아직 태어나지도 않은 아이들 지원 한다고 하는데 어이없습니다. 지금 태어나 자라고 있는 아이들에게 지원을 해야 그 아이들이 커서 아 이 나라가 아이를 낳아 키울만한 곳이구나 하고 또 아이를 낳죠 미친듯이 여기저기 어린이집 개원하게 해주어서 우후죽순으로 늘어났던 어린이집이 지금은 갈 곳이 없을 정도로 폐원한 지경에 이르렀지 않습니까? 그런마당에 그 어려운 시간 버텨내며 지켜온 큰나무어린이집을 없앨 궁리가 아니라 유지해주셔야 합니다. 큰나무어린이집이 시 소유 땅에 구청 건물이라고 들었습니다. 개 보수가 필요하면 아이들은 임시거처를 마련하여 다시 돌아오게끔 하고 신축을 하여야 하면 재빠른 결정을 하여 더 안전한 어린이집으로 돌려주시는것이 진정한 육아 복지 정책입니다. 큰나무어린이집은 그냥 보육시설 이상의 의미를 지닌 복합적인 상징적인 곳입니다. 다른 어린이집으로 흡수되거나 전원 조치도 원치 않습니다. 임시거처를 마련해주세요. 안전한 어린이집으로 만들어주세요 . 그곳에서 지금 선생님들과 함께 하게 해주세요. 타구 처럼 어린이집 없애고 주차장 따위를 만들기 보다는 모범적인 육아정책 사례를 만드는 성북구가 되길 바랍니다.,복지교육국 여성가족과,2024-11-19 13:04:34,박○○,"안녕하십니까?
귀하께서 신청하신 민원(접수번호:201924)에 대한 검토 결과를 다음과 같이 알려드립니다.

먼저 구에서 위탁운영중인 국공립 큰나무어린이집과 관련하여 불편함을 느끼신 점에 대해 매우 안타깝게 생각합니다.
큰나무어린이집은 관내 38년 이상 노후 어린이집을 대상으로 실시한 공공시설물 내진성능평가 및 정밀안전진단 결과 안전문제 발생이 우려되어 시설 보강 등에 대하여 검토중에 있으며, 향후 큰나무어린이집 운영과 관련하여 어린이집과 적극 소통하여 재원아동 및 학부모 불편을 최소화하도록 노력하겠습니다.
아울러 구에서는 안전한 보육환경 조성을 위해 노후 어린이집에 대한 환경개선 및 기능보강을 확대 추진해 나가도록 하겠습니다.

답변내용에 대해 추가적인 문의사항이 있으실 경우 서울특별시 성북구 복지교육국 여성가족과 박지영 (☎ 02-2241-2555)에게 연락주시면 친절하게 설명하여 드리도록 하겠습니다.
감사합니다.",1
201909,성북구청 공무원 전체 전수조사 요청 탄원서,김OO,2024-11-13 14:16:52,최근 김태환 제가 직접 동대문구청 교통 행정과 마을버스 노선 담당자님 최영진 주무관님 으로 부터 듣게 된 이야기 인데 최영진 주무관님 께서 버스 이용 하실 때 뒷문 에서 승차를 한다는 말을 듣게 되었는데 이 과정에서 생각을 해본다면 안전을 더욱더 지켜야 되는 동대문구청 교통 행정과 최영진 주무관님 께서 버스 뒷문 승차를 하신다는 말을 듣고 김태환 저는 의아 했고 실망이고 유감이고 개탄스러웠습니다 동대문구청 교통 행정과 최영진 주무관님 께서 직접 버스 뒷문 승차 하신다는 이야기 까지 나왔으니까 성북구청 전체 공무원 전수 조사를 통해서 성북구청 공무원 분들도 버스를 이용 하시면서 버스 뒷문에 승차를 하시는 일이 있는지 없는지 전수조사를 통해서 공무원 분들 부터 뒷문 승차 근절을 시켜야 된다고 봅니다 공무원 이라는 분들이 버스 뒷문 승차를 하시니까 일반 시민들도 그 행동을 그대로 따라서 배우는 습관이 되어 버렸고 아무리 김태환 저도 발달장애 3급 장애인 이라고 하지만 김태환 저는 최소한 버스 뒷문 승차를 단 한번도 전혀 하지도 않았고 오직 앞문 승차 뒷문 하차 원칙을 지켜 왔습니다 그 이유도 김태환 저희 아버지와 어머니는 부산에서 시내버스 버스기사를 하고 계시고 저희 큰형과 작은형이 서울에서 간선버스 버스기사를 하고 있기 때문에 그만큼 김태환 저는 버스 분야에 관심이 많은 사람이고 더더욱 안전에 관심이 많은 김태환 저 입니다 그래서 김태환 저는 웬만한 버스 노선들 버스 시스템 분야에 대해서 관심이 깊은 사람 입니다,건설교통국 교통지도과,2024-11-19 15:34:45,이○○,"[민원 처리에 관한 법률] 제23조(반복 및 중복 민원의 처리)에 따라 종결처리하오니 기답변을 참고하시길 바랍니다.

제23조(반복 및 중복 민원의 처리)

① 행정기관의 장은 민원인이 동일한 내용의 민원(법정민원을 제외한다. 이하 이 조에서 같다)을 정당한 사유 없이 3회 이상 반복하여 제출한 경우에는 2회 이상 그 처리결과를 통지하고, 그 후에 접수되는 민원에 대하여는 종결처리할 수 있다.",1
201857,부산 사람들 보다 대가리가 썩어빠진 서울 시민들 뒷문에 미친 버스 승객들,김OO,2024-11-12 23:34:06,부산 사람들 보다 대가리가 썩어빠진 서울 시민들 뒷문에 미친 버스 승객들 부산 사람들은 그래도 뒷문 승차는 단 한번도 없는데 어떻게 서울 시민들 수준이 그 모양 입니까 ? 정신 상태가 맛 간건지 도무지 납득이 되지 않습니다 서울 시민들 머리에 총 맞았습니까 ? 서울 시민들 치매 검사를 모두 받아 봅시다 그렇게 뒷문 승차에 미쳐 버려서 사고 터져서 승객들이 책임 질 것을 버스기사 한테 탓을 돌려서 인권침해를 시키고 도대체 왜 그래요 저도 부산 사람이고 부산 시내버스 서울 간선버스 버스기사 가족으로서 뒷문 승차 승객들 보면 진짜 꼴보기 싫습니다 동대문구청 교통 행정과 마을버스 노선 담당자님도 버스 타면서 뒷문 으로 승차를 한다고 말을 들었는데 성북구청 교통행정과 직원 분들도 버스 타시면서 뒷문 으로 승차 하십니까 ? 먼저 공무원 분들 부터 양심을 가지시고 뒷문 승차 근절 하십시오,건설교통국 교통지도과,2024-11-19 15:34:25,이○○,"[민원 처리에 관한 법률] 제23조(반복 및 중복 민원의 처리)에 따라 종결처리하오니 기답변을 참고하시길 바랍니다.

제23조(반복 및 중복 민원의 처리)

① 행정기관의 장은 민원인이 동일한 내용의 민원(법정민원을 제외한다. 이하 이 조에서 같다)을 정당한 사유 없이 3회 이상 반복하여 제출한 경우에는 2회 이상 그 처리결과를 통지하고, 그 후에 접수되는 민원에 대하여는 종결처리할 수 있다.",1
201764,쓰레기 종량제 봉투의 개선요청,정OO,2024-11-12 05:18:55,안녕하세요. 일선에서 늘 우리구청을 위해서 열정적으로 일해 주셔서 감사 합니다. 집안에서 음식물 쓰러기봉투를 사용하면서 이런것은 개선해 보면 어떨까하는 생각이 들어 건의 드립니다. 현재1리터 봉투가 세로로 되어 있는데 이것을 가로로 하면 보다 더 편리하지 않을까하는 생각이 들었습니다. 작은봉투다보니 일단 넣는 입구가 좁아 음식물 넣는데 밖으로 흘려지는것도 많아요. 이것 세로로 된다면 참 편리사겠다는 생각이 들었습니다. 작은것의 변화가 아주 편리함을 줄것 같아 이렇게 건의 드립니다. 우연히 친척이 서초구 살아서 가보니 이미 그 구는 가로로 나오더군요. 아주 편리해요. 누군가 제안을 한건지 이런 작은 불편함을 접수해 봅니다. 세로만이 아닌 가로도 병행하는것도 좋을것 같아 건의 드립니다. 감사합니다.,안전생활국 청소행정과,2024-11-20 16:58:53,유○○,"안녕하십니까?
먼저, 우리 구정에 적극적인 관심과 애정을 가져주신 데 대하여 진심으로 감사를 드립니다. 제안해주신 사항에 대하여 답변드리겠습니다.

귀하께서는 성북구에서 판매하는 음식물 종량제 규격 봉투의 가로 규격을 늘려 제작하는 것을 제안해주셨습니다. 우리구에서는 현재 성북구 조례에 따라 제작하여 판매하고 있지만, 1인 가구가 빠르게 늘어나고 있는 현시점에서 귀하께서 제안해 주신 사항에 대하여 적극 공감합니다. 따라서 이미 제작한 봉투가 있기에 당장 규격을 바꾸는 것은 어렵지만 장기적인 검토 후 실행 여부를 확인하겠습니다.

앞으로도 구정에 많은 관심과 애정 부탁 드리며, 다른 문의사항이 있으시면 성북구청 청소행정과 (☎02-2241-4418)로 연락 주시면 성심성의껏 안내해 드리겠습니다. 가정에 건강과 행운이 늘 함께 하시기를 기원합니다. 감사합니다.",1
201747,도로교통법 제 39조 승차 제한 항목에 7항 규정을 추가 신설 합시다,김OO,2024-11-11 22:23:09,도로교통법 제 39조 승차 제한 항목에 7항 규정을 추가 신설 합시다 지금현재의 도로교통법 제 39조 승차 제한 경우 1항 부터 6항 까지 명시 적시 기록 규정이 되어 있는데 동법 도로교통법 제 39조 승차 제한 항목에 7항 규정을 추가로 신설을 통해서 시내 간선 지선 마을 버스 노선 이용 승객들 대상으로 버스 뒷문 으로 승차를 하지 못하도록 법적 근거를 마련 해보자는 겁니다 도로교통법 제 39조 승차 제한 항목 7항 규정 추가 신설 내용 안전사고 발생에 대한 예방 재발 방지를 위해서 버스 승객들을 버스 뒷문 승차를 제한 한다 승차 거부를 한다 라는 내용을 담아 보자는 겁니다,경찰청,,,,2
201688,버스 뒷문 승차 안시켜 줬다고 민원 들어오는 것들은 그냥 생 까세요,김OO,2024-11-11 13:55:13,버스 뒷문 승차 안시켜 줬다고 민원 들어오는 것들은 그냥 생 까세요 무슨 이유로 버스 뒷문 승차를 허용 해줘야 되고 이런 비정상적인 버스 승객들 때문에 뒷문 승차 안시켜 줬다고 민원 들어오게 만들고 괜히 멀쩡한 버스기사를 벌금 과태료를 물리도록 만들고 징계 먹도록 만들어야 됩니까 성북구청 도시교통과 담당 공무원 분들도 정신을 똑바로 차리십시오 뒷문 승차가 오히려 사고 위험 발생 확룰이 더 높습니다 아무리 출퇴근 시간이 바쁘더라 해도 혼잡 시간 이라도 뒷문 승차 허용 결국 독약 입니다 김태환 저는 저희 엄마 아빠 부산에서 시내버스 버스기사를 하고 계시고 저희 큰형과 작은형은 서울에서 간선버스 버스기사를 하고 있는데 아무리 김태환 저도 발달장애 3급 장애인 이지만 버스 노선과 버스 분야에 관심이 많고 앞문 에서 승차하고 뒷문 에서 하차만 해봤지 김태환 저는 비정상적인 이상한 버스 승객들 처럼 똑같이 버스 뒷문에 승차를 해본 일이 단 한번도 없습니다 앞으로는 뒷문 승차 안시켜 줬다고 민원 들어오는 것들은 그냥 생 까세요 뒷문 승차 안시켜 줬다고 들어오는 민원은 정당한 사유가 없기 때문 입니다,건설교통국 교통지도과,2024-11-19 15:28:21,이○○,"안녕하십니까?
귀하께서 새올 상담민원을 통해 신청하신 버스 뒷문 승차 민원에 대하여 답변드리겠습니다. 버스 이용 시 앞문 승차, 뒷문 하차 위반에 대한 별도의 단속 규정은 없지만, 차내 안전 문제 등을 위해 승객분들께서 앞문으로 승차를 하실 수 있도록 성북구 관할 운수업체에 행정지도를 진행하고 있음을 알려드립니다. 버스 이용 중 불편을 겪으신 점 다시 한번 위로의 말씀 드리며, 더 궁금하신 사항은 성북구청 교통지도과(02-2241-3495 이수현)으로 문의하시면 성심껏 안내해 드리겠습니다. 감사합니다.",2
201722,네이버 에서 본 버스 뒷문 승차 관련 투표 결과를 알려 드립니다,김OO,2024-11-11 17:32:56,네이버 에서 본 버스 뒷문 승차 관련 투표 에서도 반대 의견이 333표 71.15 찬성 의견이 135표 28.85 의견 투표가 나왔는데 이러한 상황 에서도 끝까지 뒷문 승차 허용을 해줘야 됩니까,건설교통국 교통지도과,2024-11-19 15:28:24,이○○,"안녕하십니까?
귀하께서 새올 상담민원을 통해 신청하신 버스 뒷문 승차 민원에 대하여 답변드리겠습니다. 버스 이용 시 앞문 승차, 뒷문 하차 위반에 대한 별도의 단속 규정은 없지만, 차내 안전 문제 등을 위해 승객분들께서 앞문으로 승차를 하실 수 있도록 성북구 관할 운수업체에 행정지도를 진행하고 있음을 알려드립니다. 아울러, 신청하신 민원은 중복민원에 해당하여 새올 상담민원(접수번호 202411111355139595)과 동일한 답변임을 안내드립니다. 민원처리에 관한 법률 제23조에서는 동일한 내용의 민원이 3회이상 반복 제출한 경우에는 2회이상 그 처리결과를 통지하고 그 후에 접수되는 민원에 대하여는 종결 처리하오니 이점 양해하여 주시기 바랍니다. 더 궁금하신 사항은 성북구청 교통지도과(02-2241-3495 이수현)으로 문의하시면 성심껏 안내해 드리겠습니다. 감사합니다.",2
201625,세대 주택수의 판단,유OO,2024-11-10 19:34:02,"저의 처곽윤선는 위주소 소재 아파트 1채를 소유 기거하고 있으며 몇년전에 곽윤선은 어머니가 살고있는 옛가옥 약15평 단층기와집 1960년이전 건축 ,대구시 달성군 현풍읍 성하리 소재의 대지약100평를 어머니로 부터 증여를 받아서 등기된 상태로 토지 재산세를 내고 있습니다 건축물은 어머님가 현재 살고 계십니다 질의 등기상 서울 아파트1채와 시골집 대지100평를 소유하고 있는바 곽윤선의 경우 부동산 세법상 1주택자 또는 2주택자 어느것이 맞는지요?",국세청,,,,2
201333,큰나무어린이집서울 성북구 화랑로18길 74 폐쇄하지 말아주세요,이OO,2024-11-08 05:23:34,"저는 화랑로22길에 거주하는 주민으로서, 우리 구역의 유일한 보육시설인 큰나무어린이집서울 성북구 화랑로18길 74의 폐쇄 결정에 대해 깊은 우려를 표하고자 이 호소문을 작성하게 되었습니다. 구역 보육 현황 해당 구역에는 자녀가 있는 많은 가구들이 거주하는 주거구역이며, LH든든전세로 아이유하임에 다자녀 15가구가 올해 안에 들어옵니다. 큰나무어린이집은 우리 구역의 유일한 어린이집으로서 중요한 역할을 하고 있습니다. 이 시설은 단순한 보육기관이 아닌, 우리 구역 아이들의 성장과 발달을 지원하는 핵심적인 공간입니다. 폐쇄로 인한 문제점 1. 보육 공백 발생 큰나무어린이집의 폐쇄는 구역내 유일한 보육시설의 상실을 의미합니다. 이로 인해 많은 부모들이 자녀를 맡길 곳을 찾지 못해 어려움을 겪게 될 것입니다. 2. 부모의 경제활동 제한 적절한 보육시설 없이는 많은 부모들이 직장을 그만두거나 근무시간을 줄여야 하는 상황에 직면할 수 있습니다. 이는 가정 경제뿐만아니라 정신적으로 심각한 타격을 줄 수 있습니다. 3. 구역 공동체의 약화 어린이집은 단순한 보육시설을 넘어 구역 부모들이 소통하고 교류하는 중요한 공간입니다. 이러한 공간의 상실은 구역 공동체의 유대감 약화로 이어질 수 있습니다. 요청사항 이에 자녀가 있는 가구들을 위해 성북구청 관계자 여러분께 다음과 같은 사항을 간곡히 요청드립니다. 1. 큰나무어린이집의 폐쇄 결정을 재고해 주시기 바랍니다. 2. 폐쇄가 불가피한 경우, 대체 보육시설을 신속히 마련해 주시기 바랍니다. 3. 구역 내 보육 수요를 정확히 파악하여 장기적인 보육 정책을 수립해 주시기 바랍니다. 우리 아이들의 밝은 미래와 구역 발전을 위해 성북구청의 현명한 판단과 적극적인 조치를 간곡히 부탁드립니다. 해당구역 주민들의 목소리에 귀 기울여 주시길 바라며, 이 문제에 대한 신속한 해결책을 마련해 주시기를 간곡히 요청드립니다. 감사합니다.",복지교육국 여성가족과,2024-11-15 16:56:48,박○○,"안녕하십니까?
귀하께서 신청하신 민원(접수번호:201333)에 대한 검토 결과를 다음과 같이 알려드립니다.

먼저 구에서 위탁운영중인 국공립 큰나무어린이집과 관련하여 불편함을 느끼신 점에 대해 매우 안타깝게 생각합니다.
큰나무어린이집은 관내 38년 이상 노후 어린이집을 대상으로 실시한 공공시설물 내진성능평가 및 정밀안전진단 결과 안전문제 발생이 우려되어 어린이집 학기 종료(2025년2월28일) 이후 시설 보강여부 등에 대하여 검토중에 있음을 알려드립니다. 향후 큰나무어린이집 운영과 관련하여 어린이집과 적극 소통하여 재원아동 및 학부모 불편을 최소화하도록 노력하겠습니다.
아울러 구에서는 안전한 보육환경 조성을 위해 노후 어린이집에 대한 환경개선 및 기능보강을 확대 추진해 나가도록 하겠습니다.

답변내용에 대해 추가적인 문의사항이 있으실 경우 서울특별시 성북구 복지교육국 여성가족과 박지영 (☎ 02-2241-2555)에게 연락주시면 친절하게 설명하여 드리도록 하겠습니다. 감사합니다.",2
201434,동선2구역 재개발 조합원 입니다.,김OO,2024-11-08 20:37:57,"안녕하세요, 저는 동선2구역 조합원입니다. 현재 저희 구역은 철거 작업이 진행 중이나, 주변 교통 문제로 인해 작업이 지연되고 있습니다. 동선2구역의 조합원 다수는 사업 지연으로 인해 매달 수백만 원의 대출 이자를 부담하며 아파트 착공을 간절히 기다리고 있습니다. 이 와중에 철거 지연까지 겹치면서, 조합원들은 큰 경제적 손실과 심리적 불안을 겪고 있습니다. 대성유니드 거주자분들의 불편함도 충분히 이해하지만, 저희 조합 역시 같은 구민으로서 정당한 권리를 주장하고자 합니다. 교통영향평가를 이미 통과한 상태이며, 구청의 요청에 따라 교통계획을 수립하여 그에 따른 추가 비용도 부담하고 있습니다. 구청과의 협조 아래 철거를 추진하고 있음에도 불구하고, 대성유니드의 일방적인 민원으로 인해 손실이 가중되는 상황은 이해하기 어렵습니다. 일방적이고 무리한 요구 사항은 단호히 정리해주시고, 철거가 신속히 진행될 수 있도록 적극적인 지원을 요청드립니다. 현재 동선2구역 조합원들이 부담하는 월 금융 이자는 총 3억 5천만 원에 달합니다. 철거가 하루씩 지연될 때마다, 저희 143명의 조합원들은 그 부담을 나눠 져야 합니다. 이러한 상황을 감안하시어 철거 작업과 이후의 인허가 절차가 원활하고 신속히 진행될 수 있도록 협조해주시기를 간곡히 부탁드립니다. 감사합니다.",도시관리국 주거정비과,2024-11-18 10:27:10,이○○,"안녕하십니까? 귀하께서 신청하신 민원에 대한 검토 결과를 다음과 같이 알려드립니다.
귀하의 민원내용은 동선제2구역의 빠른 철거 요청에 관한 것으로 이해됩니다.
민원 요청하신 내용에 대해 동선제2 재개발정비사업구역 주변 교통 문제 등으로 인해 철거 공사 및 본 공사 착공 지연되지 않도록 조합 및 대성유니드아파트와 함께 교통처리계획 및 공사협조 요청 등에 대해 협의 진행 및 행정업무 지원에 최선을 다하겠음을 말씀드립니다.
귀하의 질문에 만족스러운 답변이 되었기를 바라며, 답변 내용에 대한 추가 설명이 필요한 경우 주거정비과 이혜란 주무관(☏02-2241-2872)에게 연락주시면 친절히 안내해 드리도록 하겠습니다. 감사합니다.",2
201433,빠른 철거를 도와주십시오,신OO,2024-11-08 20:34:55,"안녕하세요,저는 동선2구역 조합원입니다.저희 구역은 지금 철거가 한창 진행 중인데,주변 교통 문제 등으로 현재 철거가 지연되고 있습니다.저희 동선2구역에는 안 그래도 지체된 사업으로 한달 수백만원의 대출 이자에 허덕이며 아파트 착공만을 기다리는 조합원들이 많은데,철거까지 지연되면서 조합원들의 속은 새까맣게 타들어가고 있습니다. 대성유니드 거주자분들의 불편함도 이해하지만,대성유니드 거주자분들만 구민이 아닌데 왜 우리 조합원이 모든 손해를 감수해야하나요?저희 조합은 이미 교통영향평가를 통과한 바 있고 교통계획을 수립하라는 구청 요구를 따르고 있으며 이로 인해 추가적인 금전적인 부담이 발생하고 있습니다.구청에 협조하며 철거를 진행하고 있는데 언제까지 대성유니드의 일방적인 민원에 휘둘려서 손해를 키워야 하나요?무리하고 일방적인 요구사항은 단호하게 정리해주시고 빠른 철거가 이뤄질 수 있게 해주세요. 저희 동선2구역 한달 금융이자만3억5천만원입니다.철거가 하루씩 늦어질 때마다 저희143명의 조합원들이 나누어 부담해야 할 비용이 그만큼 더 늘어나고 있습니다.이런 사정을 헤아리셔서 철거 작업과 추후의 인허가 업무가 원활하고 빠르게 진행될 수 있도록 힘써주실 것을 간곡히 부탁드립니다.수고하십시오",도시관리국 주거정비과,2024-11-18 10:27:10,이○○,"안녕하십니까? 귀하께서 신청하신 민원에 대한 검토 결과를 다음과 같이 알려드립니다.
귀하의 민원내용은 동선제2구역의 빠른 철거 요청에 관한 것으로 이해됩니다.
민원 요청하신 내용에 대해 동선제2 재개발정비사업구역 주변 교통 문제 등으로 인해 철거 공사 및 본 공사 착공 지연되지 않도록 조합 및 대성유니드아파트와 함께 교통처리계획 및 공사협조 요청 등에 대해 협의 진행 및 행정업무 지원에 최선을 다하겠음을 말씀드립니다.
귀하의 질문에 만족스러운 답변이 되었기를 바라며, 답변 내용에 대한 추가 설명이 필요한 경우 주거정비과 이혜란 주무관(☏02-2241-2872)에게 연락주시면 친절히 안내해 드리도록 하겠습니다. 감사합니다.",2
201430,재개발 동선2구역 조합원입니다.,엄OO,2024-11-08 20:23:49,동일고충민원여부 동일고충민원여부 선행민원번호 202409101928013295 선행민원상세조회,도시관리국 주거정비과,2024-11-18 10:27:10,이○○,"안녕하십니까? 귀하께서 신청하신 민원에 대한 검토 결과를 다음과 같이 알려드립니다.
귀하의 민원내용은 동선제2구역의 빠른 철거 요청에 관한 것으로 이해됩니다.
민원 요청하신 내용에 대해 동선제2 재개발정비사업구역 주변 교통 문제 등으로 인해 철거 공사 및 본 공사 착공 지연되지 않도록 조합 및 대성유니드아파트와 함께 교통처리계획 및 공사협조 요청 등에 대해 협의 진행 및 행정업무 지원에 최선을 다하겠음을 말씀드립니다.
귀하의 질문에 만족스러운 답변이 되었기를 바라며, 답변 내용에 대한 추가 설명이 필요한 경우 주거정비과 이혜란 주무관(☏02-2241-2872)에게 연락주시면 친절히 안내해 드리도록 하겠습니다. 감사합니다.",2
201352,성북구 마을버스 조례안 신설 민원 버스 뒷문 승차 금지 관련 법안 마련,김OO,2024-11-08 11:04:14,저희 가족들도 버스기사 이며 저희 아버지와 어머니는 부산에서 시내버스 버스기사를 하고 계시고 저희 큰형과 작은형은 서울에서 간선버스 버스기사를 하고 있는데 김태환 저는 저희 가족들과 버스기사 분들을 보호를 위한 차원에서 민원 신청을 해봅니다 성북구 지역 마을버스 노선 전체 대상으로 승객들을 뒷문으로 승차를 금지 시킬수 있도록 성북구 마을버스 조례안 신설을 통해서 버스 뒷문 승차 금지 법안을 마련해 봅시다 아무리 출퇴근 시간이 바쁘더라 해도 안전과 질서가 제일 가장 중요하기 때문에 버스 승차 할 때 뒷문 에서 승차를 하는 것이 사고 확룰이 더 높습니다 지난 2015년도 기준에 서울시의 버스 승객들을 대상으로 만든 8대 에티켓에 뒷문 승차 하지 않기를 선정 까지 했었고 지난 2017년 10월 24일 부터 2017년 10월 28일 까지 여론조사기관 패널나우 에서 시행 하였던 버스 뒷문 승차 관련 찬반 의견 조사 에서 반대 의견이 58.2 가 뒷문 승차 금지 의견이고 찬성 의견이 33.6 가 뒷문 승차 찬성 의견이고 앞으로 성북구 마을버스 조례안 신설을 통해서 승객들을 뒷문으로 승차를 금지 시켜서 이에 승객들이 뒷문으로 승차를 하다가 일어나는 사고는 버스 승객들이 직접 책임 지도록 하고 괜히 억울하게 버스기사들 에게만 벌금 물리게 하지말고 징계 발생 되지 않도록 뒷문 으로 승차 안시켜 줬다는 이유로 민원이 못들어 오게 적의 조치를 취해 주십시오,건설교통국 교통행정과,2024-11-14 18:24:35,권○○,"안녕하십니까?
평소 우리 구정에 관심을 갖고 의견을 보내주신 점 감사 말씀드립니다.

귀하의 민원내용은 마을버스 뒷문 승차 금지 조례제정으로 생각되며 검토결과를 다음과 같이 알려드립니다.
「지방자치법」제28조에 지방자치단체는 법령의 범위에서 그 사무에 관하여 조례를 제정할 수 있다. 다만, 주민의 권리 제한 또는 의무 부과에 관한 사항이나 벌칙을 정할 때에는 법률의 위임이 있어야 한다.는 규정이 있어 귀하께서 말씀하신 조례신설은 상위법인 「여객자동차 운수사업법」개정이 선행되어야 함을 알려드리며, 현재 조례 제정이 불가함을 양해해주시기 바랍니다.

또한 우리구는 마을버스 승객 탑승시 앞문 승차(혼잡시간대 제외)를 유도하고 있음을 알려드립니다.

앞으로도 우리 구정에 많은 관심과 참여를 부탁드리며, 기타 궁금하신 사항이 있으면 성북구청 교통행정과(담당자 권선진, ☎ 02-2241-3402)로 연락주시기 바랍니다. 감사합니다.",2
201036,미아 현대백화점 앞 횡단보도 신호위반 카메라 설치 좀 제발 부탁드립니다.,박OO,2024-11-05 09:45:28,안녕하세요. 숭곡초 보내는 엄마입니다. 센터피스나 롯데캐슬로 학교 보내는 엄마들은 큰 도로를 최소 2개를 건너야 합니다. 처음은 미아 백화점 앞 횡단보도인데요. 여기 횡단보도 지나가다 보행신호인데도 정말 빠른 속도로 지나가는 차를 두 번 봤습니다. 한번은 아이가 사고 날뻔했고 오늘은 제가 지나가다 제 앞에서 쌩 지가나는 걸 봤습니다. 거길 지나가는 누구하나 빨리 뛰어갔으면 그 차에 사고가 났을 것 같네요. 이 횡단보도에는 아이들 등교시간에 어르신 두 분이 나와 지도를 해주시지만 이 큰 도로를 두 분이 지도하시기엔 너무 무리가 많습니다. 여기 신호등이 생기고 지나가는 초등생들이 정말 많습니다. 신호바뀌자마자 아이들은 무조건 뜁니다. 차가 섰는지 중요하지 않아요. 큰 사고가 일어나기 전에 제발 신호위반 카메라 설치해서 큰 사고가 일어나지 않게 부탁드립니다.,경찰청,,,,2
200414,버스기사 민원신청,송OO,2024-10-30 14:01:15,"안녕하세요. 금일 10월 30일수 오전 7시 53분 길음뉴타운에서 710번 파란버스 탑승및 오전 8시 25분 신촌세브란스병원 하차 하였습니다.버스번호 9782 출근 길 사람이 많아 항상 앞 뒤로 문을 열어 승객들이 앞, 뒷 문을 이용하여 버스를 탑승합니다. 오늘도 여느때와 같이 뒷문 탑승 중 갑자기 문을 닫으셔 저의 오른쪽 발이 문에 끼는 사고가 발생하였습니다. 그 후 너무 놀라 문을 두들겼지만 10초20초 동안 문을 열어주지 않으셨고 계속해서 통증을 느껴야만 했습니다. 혹여나 그 상태로 버스가 출발했다면 어떻게 됐을 지 트라우마가 남을 정도로 너무 무섭습니다. 하지만 기사님께서는 어떠한 사과도 없으셨습니다.",서울특별시 마포구,,,,2
200313,정비 사업 사전 타당성 조사 결과를 조속히 공개하시기 바랍니다.,곽OO,2024-10-29 17:42:56,수신 구청장 참조 주거 정비 과장 다름이 아니라 관내 구 삼선 3구역은 열악한 주거 환경으로 말미암아 다양한 민원이 발생하고 있는 지역으로 서울시와 구청에서는 정비 사업을 진행하고자 용역 회사를 선정하여 신속 통합 기획을 위한 사전 타당성 조사를 실시하였고 지난 5월경에 사전타당성조사결과가 나왔다고 하였습니다. 조사 결과가 나오면 즉시 주민들에게 이를 보고하고 정비 계획 수립과 관련하여 주민 설명회를 개최하여야 한다고 보는데 무려 5개월이 지난 지금까지도 아무런 내용을 공개하지 않고 있으니 그 사유가 무엇이고 언제까지 주민들에게 사전 타당성 조사 결과를 홍보할 수 있을지 궁금합니다. 주거 환경 개선을 위한 정비 사업은 구청의 업무에 대한 빠른 진행과 주민에 대한 홍보라고 보는데 제대로 이를 홍보하지 않아 주민들의 알 권리를 충족시키지 못하고 있기 때문에 조속한 업무 진행과 결과 통보를 거듭 요청 드립니다. 감사합니다.,도시관리국 주거정비과,2024-11-05 16:06:56,이○○,"안녕하십니까? 귀하께서 신청하신 민원에 대하여 답변드립니다.

귀하의 민원 내용은 (구)삼선3구역 재개발정비사업 관련 사전 타당성 조사 용역 결과 조속 공개 요청 ’에 관한 것으로 이해됩니다.
민원 요청하신 내용에 대해 용역 추진 절차에 따라 (구)삼선3구역에 대한 개략계획 초안 작성 후 서울시와 검토회의를 2회 진행하였으며, 향후 빠른 시일 내에 추정분담금 검증위원회 검증 절차를 거친 후 주민설명회 개최할 예정임을 알려드리니 많은 이해 바랍니다.

귀하의 질문에 만족스러운 답변이 되었기를 바라며, 추가 설명이 필요한 경우 주거정비과 이혜란 주무관(☎02-2241-2872)에게 연락주시면 친절히 안내해 드리겠습니다. 감사합니다.",2
